Timestamp,Message
2025-10-27 16:31:02.414988,"Partida iniciada: Dificultad: EASY, Modo barcos: NORMAL"
2025-10-27 16:31:03.188365,"Jugador: Disparo en (3, 1) - Agua"
2025-10-27 16:31:03.990365,"IA (EASY): Disparo en (5, 3) - Agua"
2025-10-27 16:31:06.522567,"Jugador: Disparo en (4, 1) - Agua"
2025-10-27 16:31:07.322717,"IA (EASY): Disparo en (9, 5) - Agua"
2025-10-27 16:31:07.721688,"Jugador: Disparo en (6, 1) - Tocado"
2025-10-27 16:31:08.524524,"IA (EASY): Disparo en (9, 6) - Agua"
2025-10-27 16:31:09.407650,"Jugador: Disparo en (6, 2) - Agua"
2025-10-27 16:31:10.209774,"IA (EASY): Disparo en (3, 5) - Agua"
2025-10-27 16:31:11.020399,"Jugador: Disparo en (7, 1) - Tocado"
2025-10-27 16:31:11.821059,"IA (EASY): Disparo en (7, 8) - Tocado"
2025-10-27 16:31:12.108171,"Jugador: Disparo en (5, 1) - Agua"
2025-10-27 16:31:12.909363,"IA (EASY): Disparo en (8, 2) - Agua"
2025-10-27 16:31:13.596757,"Jugador: Disparo en (8, 1) - Hundido"
2025-10-27 16:31:14.397484,"IA (EASY): Disparo en (6, 2) - Agua"
2025-10-27 16:31:16.128209,"Jugador: Disparo en (8, 3) - Agua"
2025-10-27 16:31:16.929305,"IA (EASY): Disparo en (0, 4) - Agua"
2025-10-27 16:31:17.465961,"Jugador: Disparo en (6, 3) - Agua"
2025-10-27 16:31:18.269644,"IA (EASY): Disparo en (1, 7) - Agua"
2025-10-27 16:31:18.936362,"Jugador: Disparo en (4, 3) - Agua"
2025-10-27 16:31:19.736591,"IA (EASY): Disparo en (3, 6) - Agua"
2025-10-27 16:31:20.469614,"Jugador: Disparo en (2, 3) - Agua"
2025-10-27 16:31:21.272357,"IA (EASY): Disparo en (1, 6) - Tocado"
2025-10-27 16:31:21.282978,"Jugador: Disparo en (1, 3) - Agua"
2025-10-27 16:31:22.084200,"IA (EASY): Disparo en (6, 9) - Agua"
2025-10-27 16:31:22.094618,"Jugador: Disparo en (0, 3) - Agua"
2025-10-27 16:31:22.895316,"IA (EASY): Disparo en (3, 8) - Agua"
2025-10-27 16:31:24.397021,"Jugador: Disparo en (9, 4) - Agua"
2025-10-27 16:31:25.198802,"IA (EASY): Disparo en (7, 4) - Agua"
2025-10-27 16:31:25.565661,"Jugador: Disparo en (7, 4) - Agua"
2025-10-27 16:31:26.366651,"IA (EASY): Disparo en (7, 9) - Agua"
2025-10-27 16:31:26.998689,"Jugador: Disparo en (1, 1) - Agua"
2025-10-27 16:31:27.798937,"IA (EASY): Disparo en (3, 4) - Agua"
2025-10-27 16:31:28.301848,"Jugador: Disparo en (4, 0) - Agua"
2025-10-27 16:31:29.105360,"IA (EASY): Disparo en (7, 7) - Agua"
2025-10-27 16:31:29.111857,"Jugador: Disparo en (3, 0) - Agua"
2025-10-27 16:31:29.912729,"IA (EASY): Disparo en (6, 3) - Agua"
2025-10-27 16:31:29.917313,"Jugador: Disparo en (2, 0) - Agua"
2025-10-27 16:31:30.718057,"IA (EASY): Disparo en (5, 6) - Tocado"
2025-10-27 16:31:31.020039,"Jugador: Disparo en (0, 0) - Agua"
2025-10-27 16:31:31.821936,"IA (EASY): Disparo en (5, 1) - Tocado"
2025-10-27 16:31:32.207150,"Jugador: Disparo en (0, 1) - Agua"
2025-10-27 16:31:33.010138,"IA (EASY): Disparo en (2, 0) - Agua"
2025-10-27 16:31:35.498996,"Jugador: Disparo en (5, 4) - Agua"
2025-10-27 16:31:36.301956,"IA (EASY): Disparo en (8, 3) - Agua"
2025-10-27 16:31:49.539300,"Jugador: Disparo en (3, 4) - Agua"
2025-10-27 16:31:50.339955,"IA (EASY): Disparo en (0, 9) - Agua"
2025-10-27 16:31:51.240368,"Jugador: Disparo en (1, 4) - Agua"
2025-10-27 16:31:52.041535,"IA (EASY): Disparo en (5, 8) - Agua"
2025-10-27 16:31:53.439872,"Jugador: Disparo en (0, 5) - Agua"
2025-10-27 16:31:54.240020,"IA (EASY): Disparo en (0, 6) - Agua"
2025-10-27 16:31:54.984323,"Jugador: Disparo en (3, 5) - Agua"
2025-10-27 16:31:55.786550,"IA (EASY): Disparo en (9, 8) - Agua"
2025-10-27 16:31:56.307533,"Jugador: Disparo en (2, 5) - Tocado"
2025-10-27 16:31:57.108394,"IA (EASY): Disparo en (1, 3) - Agua"
2025-10-27 16:31:58.127350,"Jugador: Disparo en (2, 4) - Tocado"
2025-10-27 16:31:58.928602,"IA (EASY): Disparo en (2, 5) - Agua"
2025-10-27 16:31:59.498186,"Jugador: Disparo en (2, 6) - Tocado"
2025-10-27 16:32:00.298466,"IA (EASY): Disparo en (1, 0) - Agua"
2025-10-27 16:32:01.018356,"Jugador: Disparo en (2, 7) - Tocado"
2025-10-27 16:32:01.819483,"IA (EASY): Disparo en (4, 1) - Tocado"
2025-10-27 16:32:02.468544,"Jugador: Disparo en (2, 8) - Hundido"
2025-10-27 16:32:03.271536,"IA (EASY): Disparo en (6, 0) - Agua"
2025-10-27 16:32:04.024214,"Jugador: Disparo en (0, 7) - Agua"
2025-10-27 16:32:04.824796,"IA (EASY): Disparo en (8, 1) - Agua"
2025-10-27 16:32:05.145991,"Jugador: Disparo en (0, 9) - Agua"
2025-10-27 16:32:05.947758,"IA (EASY): Disparo en (1, 5) - Tocado"
2025-10-27 16:32:08.526755,"Jugador: Disparo en (4, 5) - Agua"
2025-10-27 16:32:09.328619,"IA (EASY): Disparo en (9, 1) - Agua"
2025-10-27 16:32:10.245263,"Jugador: Disparo en (6, 5) - Agua"
2025-10-27 16:32:11.046336,"IA (EASY): Disparo en (2, 2) - Agua"
2025-10-27 16:32:11.740465,"Jugador: Disparo en (8, 5) - Tocado"
2025-10-27 16:32:12.540695,"IA (EASY): Disparo en (8, 5) - Agua"
2025-10-27 16:32:12.824398,"Jugador: Disparo en (9, 6) - Agua"
2025-10-27 16:32:13.625756,"IA (EASY): Disparo en (0, 3) - Agua"
2025-10-27 16:32:13.950051,"Jugador: Disparo en (8, 6) - Tocado"
2025-10-27 16:32:14.751089,"IA (EASY): Disparo en (0, 5) - Agua"
2025-10-27 16:32:15.098599,"Jugador: Disparo en (8, 4) - Tocado"
2025-10-27 16:32:15.900091,"IA (EASY): Disparo en (4, 8) - Agua"
2025-10-27 16:32:16.322580,"Jugador: Disparo en (8, 7) - Hundido"
2025-10-27 16:32:17.125462,"IA (EASY): Disparo en (9, 2) - Agua"
2025-10-27 16:32:18.871174,"Jugador: Disparo en (9, 9) - Agua"
2025-10-27 16:32:19.671316,"IA (EASY): Disparo en (8, 9) - Agua"
2025-10-27 16:32:20.173273,"Jugador: Disparo en (7, 9) - Agua"
2025-10-27 16:32:20.975199,"IA (EASY): Disparo en (3, 2) - Agua"
2025-10-27 16:32:21.975266,"Jugador: Disparo en (5, 9) - Agua"
2025-10-27 16:32:22.777190,"IA (EASY): Disparo en (4, 3) - Agua"
2025-10-27 16:32:23.793891,"Jugador: Disparo en (5, 7) - Agua"
2025-10-27 16:32:24.596329,"IA (EASY): Disparo en (4, 5) - Agua"
2025-10-27 16:32:24.933948,"Jugador: Disparo en (6, 7) - Agua"
2025-10-27 16:32:25.736353,"IA (EASY): Disparo en (9, 3) - Agua"
2025-10-27 16:32:25.970325,"Jugador: Disparo en (6, 8) - Agua"
2025-10-27 16:32:26.771709,"IA (EASY): Disparo en (9, 9) - Agua"
2025-10-27 16:32:27.242240,"Jugador: Disparo en (4, 8) - Tocado"
2025-10-27 16:32:28.042486,"IA (EASY): Disparo en (7, 6) - Tocado"
2025-10-27 16:32:28.909532,"Jugador: Disparo en (4, 7) - Tocado"
2025-10-27 16:32:29.710828,"IA (EASY): Disparo en (0, 2) - Agua"
2025-10-27 16:32:30.593909,"Jugador: Disparo en (4, 9) - Hundido"
2025-10-27 16:32:31.395322,"IA (EASY): Disparo en (1, 9) - Tocado"
2025-10-27 16:32:36.054063,"Jugador: Disparo en (4, 2) - Agua"
2025-10-27 16:32:36.855788,"IA (EASY): Disparo en (2, 9) - Tocado"
2025-10-27 16:32:37.471982,"Jugador: Disparo en (2, 2) - Agua"
2025-10-27 16:32:38.273133,"IA (EASY): Disparo en (8, 6) - Tocado"
2025-10-27 16:32:38.792677,"Jugador: Disparo en (0, 2) - Tocado"
2025-10-27 16:32:39.595123,"IA (EASY): Disparo en (3, 9) - Hundido"
2025-10-27 16:32:40.166633,"Jugador: Disparo en (1, 2) - Hundido"
2025-10-27 16:32:40.166633,"Fin de partida: Ganador: Jugador, Puntuación Jugador: 17, Puntuación IA: 3"
2025-10-27 17:32:44.133469,"Partida iniciada: Dificultad: EASY, Modo barcos: NORMAL, Rivales: 2"
2025-10-27 17:32:51.390046,"Jugador: Disparo a Rival 2 en (3, 2) - Agua"
2025-10-27 17:32:52.193926,"IA 1 (EASY): Disparo en (9, 7) - Agua"
2025-10-27 17:32:52.996173,"IA 2 (EASY): Disparo en (3, 3) - Agua"
2025-10-27 17:32:56.124996,"Jugador: Disparo a Rival 1 en (5, 4) - Agua"
2025-10-27 17:32:56.925283,"IA 1 (EASY): Disparo en (5, 5) - Agua"
2025-10-27 17:32:57.728192,"IA 2 (EASY): Disparo en (7, 5) - Agua"
2025-10-27 17:33:02.218792,"Jugador: Disparo a Rival 2 en (8, 2) - Agua"
2025-10-27 17:33:03.020414,"IA 1 (EASY): Disparo en (6, 6) - Agua"
2025-10-27 17:33:03.821025,"IA 2 (EASY): Disparo en (4, 6) - Agua"
2025-10-27 17:33:11.460952,"Jugador: Disparo a Rival 1 en (8, 4) - Agua"
2025-10-27 17:33:12.262184,"IA 1 (EASY): Disparo en (7, 1) - Agua"
2025-10-27 17:33:13.062568,"IA 2 (EASY): Disparo en (5, 6) - Agua"
2025-10-27 17:35:12.896715,"Partida iniciada: Dificultad: EASY, Modo barcos: NORMAL, Rivales: 2"
2025-10-27 17:35:15.459953,"Jugador: Disparo a Rival 1 en (5, 1) - Agua"
2025-10-27 17:35:16.261829,"IA 1 (EASY): Disparo a Jugador en (7, 7) - Tocado"
2025-10-27 17:35:17.063421,"IA 2 (EASY): Disparo a Rival 1 en (9, 2) - Agua"
2025-10-27 17:35:23.505354,"Jugador: Disparo a Rival 1 en (5, 4) - Agua"
2025-10-27 17:35:24.305486,"IA 1 (EASY): Disparo a Rival 2 en (6, 0) - Agua"
2025-10-27 17:35:25.108159,"IA 2 (EASY): Disparo a Rival 1 en (5, 3) - Agua"
2025-10-27 17:35:27.742149,"Jugador: Disparo a Rival 1 en (7, 4) - Agua"
2025-10-27 17:35:28.544204,"IA 1 (EASY): Disparo a Jugador en (7, 1) - Tocado"
2025-10-27 17:35:29.345619,"IA 2 (EASY): Disparo a Rival 1 en (7, 7) - Agua"
2025-10-27 17:35:31.394253,"Jugador: Disparo a Rival 1 en (9, 5) - Agua"
2025-10-27 17:35:32.195403,"IA 1 (EASY): Disparo a Rival 2 en (3, 8) - Agua"
2025-10-27 17:35:32.998003,"IA 2 (EASY): Disparo a Jugador en (3, 3) - Agua"
2025-10-27 17:36:14.252048,"Jugador: Disparo a Rival 1 en (3, 3) - Agua"
2025-10-27 17:36:15.054088,"IA 1 (EASY): Disparo a Jugador en (6, 7) - Agua"
2025-10-27 17:36:15.855325,"IA 2 (EASY): Disparo a Rival 1 en (3, 9) - Agua"
2025-10-27 17:36:17.528989,"Jugador: Disparo a Rival 1 en (3, 5) - Agua"
2025-10-27 17:36:18.331567,"IA 1 (EASY): Disparo a Rival 2 en (3, 3) - Agua"
2025-10-27 17:36:19.132805,"IA 2 (EASY): Disparo a Jugador en (2, 1) - Agua"
2025-10-27 17:36:20.295269,"Jugador: Disparo a Rival 1 en (5, 6) - Agua"
2025-10-27 17:36:21.096857,"IA 1 (EASY): Disparo a Rival 2 en (1, 0) - Agua"
2025-10-27 17:36:21.898052,"IA 2 (EASY): Disparo a Rival 1 en (4, 1) - Agua"
2025-10-27 17:36:45.113179,"Jugador: Disparo a Rival 1 en (8, 1) - Agua"
2025-10-27 17:36:45.915644,"IA 1 (EASY): Disparo a Jugador en (0, 7) - Agua"
2025-10-27 17:36:46.717930,"IA 2 (EASY): Disparo a Rival 1 en (2, 3) - Agua"
2025-10-27 17:36:47.728457,"Jugador: Disparo a Rival 1 en (6, 1) - Agua"
2025-10-27 17:36:48.530685,"IA 1 (EASY): Disparo a Jugador en (1, 5) - Agua"
2025-10-27 17:36:49.332786,"IA 2 (EASY): Disparo a Jugador en (7, 9) - Agua"
2025-10-27 17:36:50.861046,"Jugador: Disparo a Rival 1 en (7, 1) - Agua"
2025-10-27 17:36:51.663840,"IA 1 (EASY): Disparo a Jugador en (2, 9) - Agua"
2025-10-27 17:36:52.465463,"IA 2 (EASY): Disparo a Jugador en (0, 4) - Agua"
2025-10-27 17:36:55.897980,"Jugador: Disparo a Rival 2 en (7, 2) - Agua"
2025-10-27 17:36:56.700065,"IA 1 (EASY): Disparo a Rival 2 en (5, 1) - Agua"
2025-10-27 17:36:57.502254,"IA 2 (EASY): Disparo a Jugador en (0, 1) - Agua"
2025-10-27 17:36:59.212146,"Jugador: Disparo a Rival 2 en (9, 1) - Agua"
2025-10-27 17:37:00.014703,"IA 1 (EASY): Disparo a Jugador en (3, 0) - Agua"
2025-10-27 17:37:00.814925,"IA 2 (EASY): Disparo a Jugador en (9, 9) - Agua"
2025-10-27 17:37:05.763139,"Jugador: Disparo a Rival 1 en (6, 2) - Agua"
2025-10-27 17:37:06.565625,"IA 1 (EASY): Disparo a Rival 2 en (7, 4) - Agua"
2025-10-27 17:37:07.366418,"IA 2 (EASY): Disparo a Jugador en (3, 4) - Agua"
2025-10-27 17:37:09.006989,"Jugador: Disparo a Rival 2 en (5, 3) - Agua"
2025-10-27 17:37:09.808649,"IA 1 (EASY): Disparo a Jugador en (1, 7) - Agua"
2025-10-27 17:37:10.610333,"IA 2 (EASY): Disparo a Jugador en (6, 8) - Agua"
2025-10-27 17:37:12.228314,"Jugador: Disparo a Rival 2 en (3, 1) - Agua"
2025-10-27 17:37:13.030413,"IA 1 (EASY): Disparo a Rival 2 en (3, 4) - Tocado"
2025-10-27 17:37:13.832531,"IA 2 (EASY): Disparo a Rival 1 en (7, 8) - Agua"
2025-10-27 17:37:15.671768,"Jugador: Disparo a Rival 2 en (3, 5) - Agua"
2025-10-27 17:37:16.473303,"IA 1 (EASY): Disparo a Rival 2 en (0, 7) - Tocado"
2025-10-27 17:37:17.274531,"IA 2 (EASY): Disparo a Rival 1 en (6, 4) - Tocado"
2025-10-27 17:37:30.684573,"Jugador: Disparo a Rival 2 en (4, 4) - Tocado"
2025-10-27 17:37:31.484730,"IA 1 (EASY): Disparo a Rival 2 en (7, 6) - Agua"
2025-10-27 17:37:32.287486,"IA 2 (EASY): Disparo a Rival 1 en (4, 5) - Agua"
2025-10-27 17:37:35.873512,"Jugador: Disparo a Rival 2 en (5, 4) - Tocado"
2025-10-27 17:37:36.674646,"IA 1 (EASY): Disparo a Jugador en (6, 4) - Agua"
2025-10-27 17:37:37.477599,"IA 2 (EASY): Disparo a Jugador en (9, 4) - Agua"
2025-10-27 17:37:38.769346,"Jugador: Disparo a Rival 2 en (6, 4) - Tocado"
2025-10-27 17:37:39.571821,"IA 1 (EASY): Disparo a Rival 2 en (4, 6) - Tocado"
2025-10-27 17:37:40.373334,"IA 2 (EASY): Disparo a Rival 1 en (2, 6) - Agua"
2025-10-27 17:37:41.673684,"Jugador: Disparo a Rival 2 en (2, 4) - Hundido"
2025-10-27 17:37:42.474853,"IA 1 (EASY): Disparo a Jugador en (2, 3) - Agua"
2025-10-27 17:37:43.276382,"IA 2 (EASY): Disparo a Rival 1 en (5, 5) - Agua"
2025-10-27 17:37:44.587008,"Jugador: Disparo a Rival 2 en (4, 7) - Agua"
2025-10-27 17:37:45.388202,"IA 1 (EASY): Disparo a Jugador en (5, 8) - Agua"
2025-10-27 17:37:46.189335,"IA 2 (EASY): Disparo a Rival 1 en (6, 6) - Tocado"
2025-10-27 17:37:47.517942,"Jugador: Disparo a Rival 2 en (5, 6) - Tocado"
2025-10-27 17:37:48.320126,"IA 1 (EASY): Disparo a Jugador en (1, 2) - Agua"
2025-10-27 17:37:49.121521,"IA 2 (EASY): Disparo a Rival 1 en (3, 2) - Agua"
2025-10-27 17:37:49.824999,"Jugador: Disparo a Rival 2 en (6, 6) - Hundido"
2025-10-27 17:37:50.626069,"IA 1 (EASY): Disparo a Rival 2 en (0, 2) - Agua"
2025-10-27 17:37:51.427361,"IA 2 (EASY): Disparo a Rival 1 en (3, 7) - Tocado"
2025-10-27 17:37:52.171538,"Jugador: Disparo a Rival 2 en (3, 6) - Agua"
2025-10-27 17:37:52.972854,"IA 1 (EASY): Disparo a Rival 2 en (7, 7) - Agua"
2025-10-27 17:37:53.774278,"IA 2 (EASY): Disparo a Jugador en (6, 9) - Tocado"
2025-10-27 17:37:54.063544,"Jugador: Disparo a Rival 2 en (0, 8) - Tocado"
2025-10-27 17:37:54.864859,"IA 1 (EASY): Disparo a Jugador en (0, 9) - Agua"
2025-10-27 17:37:55.664989,"IA 2 (EASY): Disparo a Rival 1 en (8, 4) - Tocado"
2025-10-27 17:37:56.489269,"Jugador: Disparo a Rival 2 en (0, 9) - Hundido"
2025-10-27 17:37:57.289496,"IA 1 (EASY): Disparo a Rival 2 en (1, 8) - Agua"
2025-10-27 17:37:58.091451,"IA 2 (EASY): Disparo a Rival 1 en (3, 0) - Agua"
2025-10-27 17:38:01.244073,"Jugador: Disparo a Rival 1 en (8, 3) - Agua"
2025-10-27 17:38:02.046363,"IA 1 (EASY): Disparo a Jugador en (4, 4) - Tocado"
2025-10-27 17:38:02.846502,"IA 2 (EASY): Disparo a Jugador en (9, 0) - Agua"
2025-10-27 17:38:03.861572,"Jugador: Disparo a Rival 1 en (9, 4) - Agua"
2025-10-27 17:38:04.663719,"IA 1 (EASY): Disparo a Jugador en (3, 9) - Agua"
2025-10-27 17:38:05.464825,"IA 2 (EASY): Disparo a Rival 1 en (1, 7) - Agua"
2025-10-27 17:38:06.100676,"Jugador: Disparo a Rival 1 en (8, 5) - Tocado"
2025-10-27 17:38:06.902418,"IA 1 (EASY): Disparo a Jugador en (6, 1) - Tocado"
2025-10-27 17:38:07.704732,"IA 2 (EASY): Disparo a Jugador en (7, 5) - Agua"
2025-10-27 17:38:17.339461,"Jugador: Disparo a Rival 1 en (6, 3) - Agua"
2025-10-27 17:38:18.142706,"IA 1 (EASY): Disparo a Jugador en (1, 4) - Agua"
2025-10-27 17:38:18.943887,"IA 2 (EASY): Disparo a Jugador en (9, 1) - Agua"
2025-10-27 17:38:20.349718,"Jugador: Disparo a Rival 1 en (6, 5) - Tocado"
2025-10-27 17:38:21.151941,"IA 1 (EASY): Disparo a Rival 2 en (9, 8) - Agua"
2025-10-27 17:38:21.953569,"IA 2 (EASY): Disparo a Rival 1 en (1, 1) - Agua"
2025-10-27 17:38:22.686259,"Jugador: Disparo a Rival 1 en (6, 7) - Tocado"
2025-10-27 17:38:23.489316,"IA 1 (EASY): Disparo a Rival 2 en (0, 5) - Agua"
2025-10-27 17:38:24.290614,"IA 2 (EASY): Disparo a Rival 1 en (5, 7) - Agua"
2025-10-27 17:38:28.612223,"Jugador: Disparo a Rival 1 en (6, 8) - Hundido"
2025-10-27 17:38:29.413490,"IA 1 (EASY): Disparo a Jugador en (0, 6) - Agua"
2025-10-27 17:38:30.214730,"IA 2 (EASY): Disparo a Rival 1 en (5, 9) - Agua"
2025-10-27 17:38:31.829440,"Jugador: Disparo a Rival 1 en (8, 6) - Hundido"
2025-10-27 17:38:32.632077,"IA 1 (EASY): Disparo a Rival 2 en (6, 7) - Agua"
2025-10-27 17:38:33.433373,"IA 2 (EASY): Disparo a Rival 1 en (7, 5) - Agua"
2025-10-27 17:38:34.210616,"Jugador: Disparo a Rival 1 en (8, 7) - Agua"
2025-10-27 17:38:35.013416,"IA 1 (EASY): Disparo a Rival 2 en (9, 7) - Agua"
2025-10-27 17:38:35.814566,"IA 2 (EASY): Disparo a Jugador en (5, 7) - Agua"
2025-10-27 17:38:41.443559,"Jugador: Disparo a Rival 1 en (3, 8) - Agua"
2025-10-27 17:38:42.244552,"IA 1 (EASY): Disparo a Rival 2 en (8, 6) - Agua"
2025-10-27 17:38:43.048031,"IA 2 (EASY): Disparo a Jugador en (6, 0) - Agua"
2025-10-27 17:38:43.517417,"Jugador: Disparo a Rival 1 en (4, 7) - Agua"
2025-10-27 17:38:44.318675,"IA 1 (EASY): Disparo a Rival 2 en (3, 2) - Agua"
2025-10-27 17:38:45.122010,"IA 2 (EASY): Disparo a Jugador en (8, 8) - Agua"
2025-10-27 17:38:49.572426,"Jugador: Disparo a Rival 1 en (3, 6) - Agua"
2025-10-27 17:38:50.373619,"IA 1 (EASY): Disparo a Jugador en (2, 5) - Tocado"
2025-10-27 17:38:51.174792,"IA 2 (EASY): Disparo a Jugador en (8, 3) - Agua"
2025-10-27 17:38:52.190945,"Jugador: Disparo a Rival 1 en (2, 7) - Hundido"
2025-10-27 17:38:52.993204,"IA 1 (EASY): Disparo a Jugador en (9, 6) - Agua"
2025-10-27 17:38:53.794519,"IA 2 (EASY): Disparo a Jugador en (5, 9) - Tocado"
2025-10-27 17:39:16.667806,"Jugador: Disparo a Rival 2 en (0, 1) - Agua"
2025-10-27 17:39:17.468465,"IA 1 (EASY): Disparo a Jugador en (5, 1) - Agua"
2025-10-27 17:39:18.271148,"IA 2 (EASY): Disparo a Jugador en (3, 8) - Agua"
2025-10-27 17:39:19.225658,"Jugador: Disparo a Rival 2 en (1, 1) - Agua"
2025-10-27 17:39:20.026400,"IA 1 (EASY): Disparo a Jugador en (4, 0) - Agua"
2025-10-27 17:39:20.826935,"IA 2 (EASY): Disparo a Jugador en (5, 4) - Agua"
2025-10-27 17:39:38.762570,"Jugador: Disparo a Rival 2 en (0, 3) - Agua"
2025-10-27 17:39:39.564960,"IA 1 (EASY): Disparo a Rival 2 en (2, 3) - Agua"
2025-10-27 17:39:40.365626,"IA 2 (EASY): Disparo a Rival 1 en (1, 6) - Agua"
2025-10-27 17:39:42.078712,"Jugador: Disparo a Rival 2 en (9, 4) - Agua"
2025-10-27 17:39:42.882111,"IA 1 (EASY): Disparo a Rival 2 en (8, 7) - Agua"
2025-10-27 17:39:43.683403,"IA 2 (EASY): Disparo a Jugador en (8, 5) - Agua"
2025-10-27 17:39:45.300857,"Jugador: Disparo a Rival 2 en (9, 3) - Agua"
2025-10-27 17:39:46.102963,"IA 1 (EASY): Disparo a Rival 2 en (6, 1) - Agua"
2025-10-27 17:39:46.903276,"IA 2 (EASY): Disparo a Rival 1 en (2, 1) - Agua"
2025-10-27 17:39:47.854544,"Jugador: Disparo a Rival 2 en (9, 5) - Agua"
2025-10-27 17:39:48.656838,"IA 1 (EASY): Disparo a Rival 2 en (1, 3) - Agua"
2025-10-27 17:39:49.458970,"IA 2 (EASY): Disparo a Jugador en (1, 1) - Agua"
2025-10-27 17:39:53.919466,"Jugador: Disparo a Rival 2 en (6, 9) - Tocado"
2025-10-27 17:39:54.721325,"IA 1 (EASY): Disparo a Jugador en (3, 5) - Agua"
2025-10-27 17:39:55.521895,"IA 2 (EASY): Disparo a Jugador en (9, 2) - Agua"
2025-10-27 17:39:56.117390,"Jugador: Disparo a Rival 2 en (7, 9) - Agua"
2025-10-27 17:39:56.918637,"IA 1 (EASY): Disparo a Rival 2 en (4, 2) - Agua"
2025-10-27 17:39:57.719885,"IA 2 (EASY): Disparo a Rival 1 en (0, 6) - Agua"
2025-10-27 17:39:59.871856,"Jugador: Disparo a Rival 2 en (5, 9) - Tocado"
2025-10-27 17:40:00.674650,"IA 1 (EASY): Disparo a Jugador en (3, 7) - Agua"
2025-10-27 17:40:01.475721,"IA 2 (EASY): Disparo a Rival 1 en (7, 2) - Agua"
2025-10-27 17:40:02.081384,"Jugador: Disparo a Rival 2 en (4, 9) - Tocado"
2025-10-27 17:40:02.882969,"IA 1 (EASY): Disparo a Jugador en (8, 4) - Agua"
2025-10-27 17:40:03.684624,"IA 2 (EASY): Disparo a Jugador en (7, 2) - Agua"
2025-10-27 17:40:25.763330,"Jugador: Disparo a Rival 2 en (3, 9) - Hundido"
2025-10-27 17:40:26.564635,"IA 1 (EASY): Disparo a Rival 2 en (1, 4) - Agua"
2025-10-27 17:40:27.364664,"IA 2 (EASY): Disparo a Jugador en (6, 5) - Agua"
2025-10-27 17:40:33.681527,"Jugador: Disparo a Rival 1 en (2, 4) - Agua"
2025-10-27 17:40:34.482122,"IA 1 (EASY): Disparo a Rival 2 en (9, 6) - Agua"
2025-10-27 17:40:35.283236,"IA 2 (EASY): Disparo a Jugador en (8, 9) - Agua"
2025-10-27 17:40:35.906407,"Jugador: Disparo a Rival 1 en (3, 4) - Agua"
2025-10-27 17:40:36.707935,"IA 1 (EASY): Disparo a Jugador en (0, 2) - Agua"
2025-10-27 17:40:37.509098,"IA 2 (EASY): Disparo a Jugador en (1, 0) - Agua"
2025-10-27 17:40:38.459416,"Jugador: Disparo a Rival 1 en (1, 4) - Tocado"
2025-10-27 17:40:39.260680,"IA 1 (EASY): Disparo a Jugador en (4, 7) - Agua"
2025-10-27 17:40:40.062038,"IA 2 (EASY): Disparo a Rival 1 en (7, 6) - Agua"
2025-10-27 17:40:40.391244,"Jugador: Disparo a Rival 1 en (1, 3) - Tocado"
2025-10-27 17:40:41.192507,"IA 1 (EASY): Disparo a Rival 2 en (2, 5) - Agua"
2025-10-27 17:40:41.993641,"IA 2 (EASY): Disparo a Rival 1 en (7, 3) - Agua"
2025-10-27 17:40:45.472693,"Jugador: Disparo a Rival 1 en (1, 2) - Tocado"
2025-10-27 17:40:46.275532,"IA 1 (EASY): Disparo a Jugador en (5, 0) - Agua"
2025-10-27 17:40:47.077627,"IA 2 (EASY): Disparo a Rival 1 en (8, 9) - Agua"
2025-10-27 17:40:47.758521,"Jugador: Disparo a Rival 1 en (1, 5) - Hundido"
2025-10-27 17:40:48.559292,"IA 1 (EASY): Disparo a Rival 2 en (0, 0) - Agua"
2025-10-27 17:40:49.361020,"IA 2 (EASY): Disparo a Jugador en (8, 1) - Hundido"
2025-10-27 17:40:52.610095,"Jugador: Disparo a Rival 1 en (1, 9) - Agua"
2025-10-27 17:40:53.411637,"IA 1 (EASY): Disparo a Jugador en (7, 6) - Hundido"
2025-10-27 17:40:54.211894,"IA 2 (EASY): Disparo a Rival 1 en (5, 2) - Agua"
2025-10-27 17:40:55.722965,"Jugador: Disparo a Rival 1 en (0, 9) - Tocado"
2025-10-27 17:40:56.525306,"IA 1 (EASY): Disparo a Jugador en (8, 6) - Agua"
2025-10-27 17:40:57.327739,"IA 2 (EASY): Disparo a Jugador en (9, 8) - Agua"
2025-10-27 17:40:58.241405,"Jugador: Disparo a Rival 1 en (0, 8) - Tocado"
2025-10-27 17:40:59.043972,"IA 1 (EASY): Disparo a Rival 2 en (7, 0) - Agua"
2025-10-27 17:40:59.844111,"IA 2 (EASY): Disparo a Rival 1 en (4, 4) - Agua"
2025-10-27 17:41:03.496161,"Jugador: Disparo a Rival 2 en (3, 0) - Agua"
2025-10-27 17:41:04.296339,"IA 1 (EASY): Disparo a Jugador en (4, 1) - Agua"
2025-10-27 17:41:05.096438,"IA 2 (EASY): Disparo a Jugador en (6, 6) - Agua"
2025-10-27 17:41:06.645496,"Jugador: Disparo a Rival 2 en (4, 0) - Agua"
2025-10-27 17:41:07.446775,"IA 1 (EASY): Disparo a Jugador en (1, 8) - Agua"
2025-10-27 17:41:08.248578,"IA 2 (EASY): Disparo a Rival 1 en (2, 2) - Agua"
2025-10-27 17:41:10.318329,"Jugador: Disparo a Rival 2 en (8, 1) - Agua"
2025-10-27 17:41:11.119507,"IA 1 (EASY): Disparo a Jugador en (8, 2) - Agua"
2025-10-27 17:41:11.920711,"IA 2 (EASY): Disparo a Rival 1 en (6, 0) - Agua"
2025-10-27 17:41:13.727632,"Jugador: Disparo a Rival 2 en (8, 2) - Agua"
2025-10-27 17:41:14.530350,"IA 1 (EASY): Disparo a Rival 2 en (8, 8) - Agua"
2025-10-27 17:41:15.331744,"IA 2 (EASY): Disparo a Jugador en (2, 7) - Tocado"
2025-10-27 17:41:18.096361,"Jugador: Disparo a Rival 2 en (8, 3) - Agua"
2025-10-27 17:41:18.898617,"IA 1 (EASY): Disparo a Jugador en (7, 8) - Agua"
2025-10-27 17:41:19.701075,"IA 2 (EASY): Disparo a Rival 1 en (2, 0) - Agua"
2025-10-27 17:41:27.121866,"Jugador: Disparo a Rival 2 en (8, 9) - Agua"
2025-10-27 17:41:27.923352,"IA 1 (EASY): Disparo a Jugador en (5, 6) - Agua"
2025-10-27 17:41:28.724593,"IA 2 (EASY): Disparo a Jugador en (5, 5) - Agua"
2025-10-27 17:41:29.837542,"Jugador: Disparo a Rival 2 en (2, 2) - Agua"
2025-10-27 17:41:30.640141,"IA 1 (EASY): Disparo a Jugador en (6, 2) - Agua"
2025-10-27 17:41:31.442006,"IA 2 (EASY): Disparo a Rival 1 en (6, 9) - Agua"
2025-10-27 17:41:32.007260,"Jugador: Disparo a Rival 2 en (2, 1) - Agua"
2025-10-27 17:41:32.808462,"IA 1 (EASY): Disparo a Rival 2 en (2, 7) - Agua"
2025-10-27 17:41:33.610913,"IA 2 (EASY): Disparo a Rival 1 en (0, 4) - Agua"
2025-10-27 17:41:34.634641,"Jugador: Disparo a Rival 2 en (8, 0) - Agua"
2025-10-27 17:41:35.434924,"IA 1 (EASY): Disparo a Jugador en (3, 1) - Agua"
2025-10-27 17:41:36.238568,"IA 2 (EASY): Disparo a Rival 1 en (8, 0) - Agua"
2025-10-27 17:41:37.118811,"Jugador: Disparo a Rival 2 en (8, 4) - Agua"
2025-10-27 17:41:37.921115,"IA 1 (EASY): Disparo a Jugador en (9, 7) - Agua"
2025-10-27 17:41:38.722071,"IA 2 (EASY): Disparo a Jugador en (4, 2) - Tocado"
2025-10-27 17:41:50.942336,"Jugador: Disparo a Rival 2 en (6, 2) - Tocado"
2025-10-27 17:41:51.743503,"IA 1 (EASY): Disparo a Rival 2 en (4, 8) - Agua"
2025-10-27 17:41:52.543651,"IA 2 (EASY): Disparo a Rival 1 en (0, 0) - Agua"
2025-10-27 17:41:53.010286,"Jugador: Disparo a Rival 2 en (5, 2) - Hundido"
2025-10-27 17:41:53.811230,"IA 1 (EASY): Disparo a Jugador en (1, 3) - Agua"
2025-10-27 17:41:54.613296,"IA 2 (EASY): Disparo a Jugador en (2, 0) - Agua"
2025-10-27 17:42:02.455276,"Jugador: Disparo a Rival 1 en (0, 7) - Hundido"
2025-10-27 17:42:02.456284,"Fin de partida: Ganador: Jugador, Puntuación Jugador: 34, Puntuación IA: 5"
2025-10-27 17:43:11.638898,"Partida iniciada: Dificultad: VERY HARD, Modo barcos: NORMAL, Rivales: 2"
2025-10-27 17:43:13.500641,"Jugador: Disparo a Rival 1 en (3, 2) - Agua"
2025-10-27 17:43:14.302912,"IA 1 (VERY HARD): Disparo a Jugador en (1, 6) - Tocado"
2025-10-27 17:43:15.103030,"IA 2 (VERY HARD): Disparo a Jugador en (2, 0) - Agua"
2025-10-27 17:43:20.922465,"Jugador: Disparo a Rival 1 en (4, 2) - Agua"
2025-10-27 17:43:21.723291,"IA 1 (VERY HARD): Disparo a Jugador en (0, 6) - Tocado"
2025-10-27 17:43:22.523297,"IA 2 (VERY HARD): Disparo a Jugador en (8, 1) - Agua"
2025-10-27 17:43:42.827556,"Jugador: Disparo a Rival 1 en (5, 2) - Tocado"
2025-10-27 17:43:43.629085,"IA 1 (VERY HARD): Disparo a Jugador en (2, 6) - Hundido"
2025-10-27 17:43:44.431443,"IA 2 (VERY HARD): Disparo a Jugador en (2, 3) - Agua"
2025-10-27 17:43:47.223005,"Jugador: Disparo a Rival 1 en (6, 2) - Tocado"
2025-10-27 17:43:48.025788,"IA 1 (VERY HARD): Disparo a Jugador en (3, 2) - Agua"
2025-10-27 17:43:48.827911,"IA 2 (VERY HARD): Disparo a Jugador en (4, 4) - Agua"
2025-10-27 17:43:49.844821,"Jugador: Disparo a Rival 1 en (7, 2) - Tocado"
2025-10-27 17:43:50.646847,"IA 1 (VERY HARD): Disparo a Jugador en (0, 3) - Agua"
2025-10-27 17:43:51.446860,"IA 2 (VERY HARD): Disparo a Jugador en (0, 2) - Tocado"
2025-10-27 17:43:52.479262,"Jugador: Disparo a Rival 1 en (8, 2) - Tocado"
2025-10-27 17:43:53.281019,"IA 1 (VERY HARD): Disparo a Jugador en (2, 1) - Agua"
2025-10-27 17:43:54.081172,"IA 2 (VERY HARD): Disparo a Jugador en (1, 2) - Agua"
2025-10-27 17:43:54.816755,"Jugador: Disparo a Rival 1 en (9, 2) - Hundido"
2025-10-27 17:43:55.617822,"IA 1 (VERY HARD): Disparo a Jugador en (3, 9) - Tocado"
2025-10-27 17:43:56.418750,"IA 2 (VERY HARD): Disparo a Jugador en (0, 1) - Hundido"
2025-10-27 17:44:00.950511,"Jugador: Disparo a Rival 1 en (4, 5) - Agua"
2025-10-27 17:44:01.754438,"IA 1 (VERY HARD): Disparo a Jugador en (2, 9) - Tocado"
2025-10-27 17:44:02.556865,"IA 2 (VERY HARD): Disparo a Jugador en (8, 2) - Agua"
2025-10-27 17:44:03.561783,"Jugador: Disparo a Rival 1 en (3, 5) - Agua"
2025-10-27 17:44:04.361944,"IA 1 (VERY HARD): Disparo a Jugador en (1, 9) - Tocado"
2025-10-27 17:44:05.163270,"IA 2 (VERY HARD): Disparo a Jugador en (4, 0) - Agua"
2025-10-27 17:44:06.478952,"Jugador: Disparo a Rival 1 en (2, 5) - Agua"
2025-10-27 17:44:07.280332,"IA 1 (VERY HARD): Disparo a Jugador en (0, 9) - Hundido"
2025-10-27 17:44:08.081001,"IA 2 (VERY HARD): Disparo a Jugador en (0, 0) - Agua"
2025-10-27 17:44:12.481106,"Jugador: Disparo a Rival 1 en (5, 5) - Agua"
2025-10-27 17:44:13.283071,"IA 1 (VERY HARD): Disparo a Jugador en (9, 4) - Agua"
2025-10-27 17:44:14.085789,"IA 2 (VERY HARD): Disparo a Jugador en (9, 0) - Agua"
2025-10-27 17:44:14.553437,"Jugador: Disparo a Rival 1 en (7, 5) - Agua"
2025-10-27 17:44:15.355530,"IA 1 (VERY HARD): Disparo a Jugador en (3, 6) - Agua"
2025-10-27 17:44:16.156706,"IA 2 (VERY HARD): Disparo a Jugador en (6, 1) - Agua"
2025-10-27 17:44:17.369989,"Jugador: Disparo a Rival 1 en (7, 7) - Tocado"
2025-10-27 17:44:18.170129,"IA 1 (VERY HARD): Disparo a Jugador en (3, 5) - Agua"
2025-10-27 17:44:18.970908,"IA 2 (VERY HARD): Disparo a Jugador en (7, 6) - Agua"
2025-10-27 17:44:19.529903,"Jugador: Disparo a Rival 1 en (6, 7) - Tocado"
2025-10-27 17:44:20.331962,"IA 1 (VERY HARD): Disparo a Jugador en (6, 5) - Tocado"
2025-10-27 17:44:21.132485,"IA 2 (VERY HARD): Disparo a Jugador en (2, 8) - Agua"
2025-10-27 17:44:21.966123,"Jugador: Disparo a Rival 1 en (5, 7) - Tocado"
2025-10-27 17:44:22.766570,"IA 1 (VERY HARD): Disparo a Jugador en (5, 5) - Tocado"
2025-10-27 17:44:23.567730,"IA 2 (VERY HARD): Disparo a Jugador en (6, 9) - Agua"
2025-10-27 17:44:24.301379,"Jugador: Disparo a Rival 1 en (4, 7) - Hundido"
2025-10-27 17:44:25.102562,"IA 1 (VERY HARD): Disparo a Jugador en (4, 5) - Tocado"
2025-10-27 17:44:25.903844,"IA 2 (VERY HARD): Disparo a Jugador en (8, 3) - Agua"
2025-10-27 17:44:28.601671,"Jugador: Disparo a Rival 1 en (0, 2) - Agua"
2025-10-27 17:44:29.401969,"IA 1 (VERY HARD): Disparo a Jugador en (7, 5) - Tocado"
2025-10-27 17:44:30.204485,"IA 2 (VERY HARD): Disparo a Jugador en (6, 7) - Agua"
2025-10-27 17:44:32.088447,"Jugador: Disparo a Rival 1 en (0, 3) - Agua"
2025-10-27 17:44:32.890312,"IA 1 (VERY HARD): Disparo a Jugador en (6, 4) - Agua"
2025-10-27 17:44:33.691640,"IA 2 (VERY HARD): Disparo a Jugador en (1, 4) - Agua"
2025-10-27 17:44:40.740974,"Jugador: Disparo a Rival 1 en (0, 5) - Agua"
2025-10-27 17:44:41.542226,"IA 1 (VERY HARD): Disparo a Jugador en (6, 6) - Agua"
2025-10-27 17:44:42.342749,"IA 2 (VERY HARD): Disparo a Jugador en (5, 9) - Agua"
2025-10-27 17:44:43.310270,"Jugador: Disparo a Rival 1 en (0, 6) - Agua"
2025-10-27 17:44:44.112636,"IA 1 (VERY HARD): Disparo a Jugador en (8, 6) - Agua"
2025-10-27 17:44:44.912787,"IA 2 (VERY HARD): Disparo a Jugador en (1, 8) - Agua"
2025-10-27 17:44:46.493114,"Jugador: Disparo a Rival 1 en (0, 7) - Agua"
2025-10-27 17:44:47.294024,"IA 1 (VERY HARD): Disparo a Jugador en (4, 3) - Agua"
2025-10-27 17:44:48.095309,"IA 2 (VERY HARD): Disparo a Jugador en (7, 2) - Tocado"
2025-10-27 17:44:49.801062,"Jugador: Disparo a Rival 1 en (9, 5) - Agua"
2025-10-27 17:44:50.603362,"IA 1 (VERY HARD): Disparo a Jugador en (7, 9) - Agua"
2025-10-27 17:44:51.405735,"IA 2 (VERY HARD): Disparo a Jugador en (6, 2) - Tocado"
2025-10-27 17:44:52.224433,"Jugador: Disparo a Rival 1 en (9, 4) - Agua"
2025-10-27 17:44:53.026552,"IA 1 (VERY HARD): Disparo a Jugador en (8, 7) - Agua"
2025-10-27 17:44:53.826600,"IA 2 (VERY HARD): Disparo a Jugador en (5, 2) - Hundido"
2025-10-27 17:45:01.766052,"Jugador: Disparo a Rival 1 en (9, 8) - Tocado"
2025-10-27 17:45:02.567251,"IA 1 (VERY HARD): Disparo a Jugador en (7, 8) - Agua"
2025-10-27 17:45:03.369154,"IA 2 (VERY HARD): Disparo a Jugador en (3, 4) - Agua"
2025-10-27 17:45:04.085608,"Jugador: Disparo a Rival 1 en (9, 9) - Agua"
2025-10-27 17:45:04.887521,"IA 1 (VERY HARD): Disparo a Jugador en (1, 0) - Agua"
2025-10-27 17:45:05.688192,"IA 2 (VERY HARD): Disparo a Jugador en (8, 0) - Agua"
2025-10-27 17:45:06.357634,"Jugador: Disparo a Rival 1 en (9, 7) - Hundido"
2025-10-27 17:45:07.158604,"IA 1 (VERY HARD): Disparo a Jugador en (7, 3) - Agua"
2025-10-27 17:45:07.958729,"IA 2 (VERY HARD): Disparo a Jugador en (8, 5) - Hundido"
2025-10-27 17:45:07.959764,"Fin de partida: Ganador: IA, Puntuación Jugador: 11, Puntuación IA: 17"
2025-10-27 17:45:23.303840,"Partida iniciada: Dificultad: VERY HARD, Modo barcos: NORMAL, Rivales: 3"
2025-10-27 17:45:40.803200,"Jugador: Disparo a Rival 1 en (4, 4) - Agua"
2025-10-27 17:45:41.605271,"IA 1 (VERY HARD): Disparo a Jugador en (7, 3) - Tocado"
2025-10-27 17:45:42.406086,"IA 2 (VERY HARD): Disparo a Jugador en (6, 8) - Agua"
2025-10-27 17:45:43.206149,"IA 3 (VERY HARD): Disparo a Jugador en (6, 6) - Agua"
2025-10-27 17:45:44.675021,"Jugador: Disparo a Rival 1 en (5, 3) - Agua"
2025-10-27 17:45:45.476276,"IA 1 (VERY HARD): Disparo a Jugador en (6, 3) - Agua"
2025-10-27 17:45:46.279576,"IA 2 (VERY HARD): Disparo a Jugador en (1, 0) - Tocado"
2025-10-27 17:45:47.080128,"IA 3 (VERY HARD): Disparo a Jugador en (1, 9) - Agua"
2025-10-27 17:45:48.233117,"Jugador: Disparo a Rival 1 en (3, 3) - Agua"
2025-10-27 17:45:49.034290,"IA 1 (VERY HARD): Disparo a Jugador en (8, 3) - Agua"
2025-10-27 17:45:49.835463,"IA 2 (VERY HARD): Disparo a Jugador en (0, 0) - Agua"
2025-10-27 17:45:50.637585,"IA 3 (VERY HARD): Disparo a Jugador en (1, 3) - Agua"
2025-10-27 17:45:52.258903,"Jugador: Disparo a Rival 1 en (6, 4) - Agua"
2025-10-27 17:45:53.061000,"IA 1 (VERY HARD): Disparo a Jugador en (7, 2) - Agua"
2025-10-27 17:45:53.862325,"IA 2 (VERY HARD): Disparo a Jugador en (2, 0) - Agua"
2025-10-27 17:45:54.662829,"IA 3 (VERY HARD): Disparo a Jugador en (6, 9) - Agua"
2025-10-27 17:45:55.858381,"Jugador: Disparo a Rival 1 en (8, 4) - Tocado"
2025-10-27 17:45:56.659848,"IA 1 (VERY HARD): Disparo a Jugador en (7, 4) - Tocado"
2025-10-27 17:45:57.461010,"IA 2 (VERY HARD): Disparo a Jugador en (1, 1) - Tocado"
2025-10-27 17:45:58.262173,"IA 3 (VERY HARD): Disparo a Jugador en (1, 5) - Tocado"
2025-10-27 17:45:59.874883,"Jugador: Disparo a Rival 1 en (8, 3) - Agua"
2025-10-27 17:46:00.676154,"IA 1 (VERY HARD): Disparo a Jugador en (6, 4) - Agua"
2025-10-27 17:46:01.476256,"IA 2 (VERY HARD): Disparo a Jugador en (0, 1) - Agua"
2025-10-27 17:46:02.279021,"IA 3 (VERY HARD): Disparo a Jugador en (0, 5) - Hundido"
2025-10-27 17:46:04.761855,"Jugador: Disparo a Rival 1 en (8, 5) - Tocado"
2025-10-27 17:46:05.563140,"IA 1 (VERY HARD): Disparo a Jugador en (8, 4) - Agua"
2025-10-27 17:46:06.364355,"IA 2 (VERY HARD): Disparo a Jugador en (2, 1) - Agua"
2025-10-27 17:46:07.165543,"IA 3 (VERY HARD): Disparo a Jugador en (5, 2) - Agua"
2025-10-27 17:46:08.387271,"Jugador: Disparo a Rival 1 en (8, 6) - Tocado"
2025-10-27 17:46:09.188417,"IA 1 (VERY HARD): Disparo a Jugador en (7, 5) - Tocado"
2025-10-27 17:46:09.990066,"IA 2 (VERY HARD): Disparo a Jugador en (1, 2) - Hundido"
2025-10-27 17:46:10.791370,"IA 3 (VERY HARD): Disparo a Jugador en (9, 5) - Agua"
2025-10-27 17:46:11.282290,"Jugador: Disparo a Rival 1 en (8, 7) - Tocado"
2025-10-27 17:46:12.082404,"IA 1 (VERY HARD): Disparo a Jugador en (6, 5) - Agua"
2025-10-27 17:46:12.885391,"IA 2 (VERY HARD): Disparo a Jugador en (8, 7) - Agua"
2025-10-27 17:46:13.686372,"IA 3 (VERY HARD): Disparo a Jugador en (4, 4) - Agua"
2025-10-27 17:46:14.562672,"Jugador: Disparo a Rival 1 en (8, 8) - Hundido"
2025-10-27 17:46:15.365061,"IA 1 (VERY HARD): Disparo a Jugador en (8, 5) - Agua"
2025-10-27 17:46:16.166416,"IA 2 (VERY HARD): Disparo a Jugador en (2, 6) - Agua"
2025-10-27 17:46:16.967508,"IA 3 (VERY HARD): Disparo a Jugador en (0, 7) - Agua"
2025-10-27 17:46:20.746169,"Jugador: Disparo a Rival 1 en (6, 6) - Agua"
2025-10-27 17:46:21.548936,"IA 1 (VERY HARD): Disparo a Jugador en (7, 6) - Tocado"
2025-10-27 17:46:22.350227,"IA 2 (VERY HARD): Disparo a Jugador en (4, 6) - Agua"
2025-10-27 17:46:23.150330,"IA 3 (VERY HARD): Disparo a Jugador en (0, 2) - Agua"
2025-10-27 17:46:23.156015,"Jugador: Disparo a Rival 1 en (5, 6) - Agua"
2025-10-27 17:46:23.957226,"IA 1 (VERY HARD): Disparo a Jugador en (8, 6) - Agua"
2025-10-27 17:46:24.759163,"IA 2 (VERY HARD): Disparo a Jugador en (4, 2) - Agua"
2025-10-27 17:46:25.560922,"IA 3 (VERY HARD): Disparo a Jugador en (0, 3) - Agua"
2025-10-27 17:46:26.862053,"Jugador: Disparo a Rival 1 en (4, 6) - Agua"
2025-10-27 17:46:27.662491,"IA 1 (VERY HARD): Disparo a Jugador en (7, 7) - Hundido"
2025-10-27 17:46:28.465192,"IA 2 (VERY HARD): Disparo a Jugador en (0, 8) - Agua"
2025-10-27 17:46:29.266654,"IA 3 (VERY HARD): Disparo a Jugador en (5, 3) - Agua"
2025-10-27 17:46:29.836509,"Jugador: Disparo a Rival 1 en (3, 6) - Tocado"
2025-10-27 17:46:30.638257,"IA 1 (VERY HARD): Disparo a Jugador en (5, 0) - Agua"
2025-10-27 17:46:31.439689,"IA 2 (VERY HARD): Disparo a Jugador en (4, 7) - Agua"
2025-10-27 17:46:32.241764,"IA 3 (VERY HARD): Disparo a Jugador en (3, 9) - Agua"
2025-10-27 17:46:33.230965,"Jugador: Disparo a Rival 1 en (2, 6) - Agua"
2025-10-27 17:46:34.032609,"IA 1 (VERY HARD): Disparo a Jugador en (3, 4) - Tocado"
2025-10-27 17:46:34.833931,"IA 2 (VERY HARD): Disparo a Jugador en (8, 1) - Agua"
2025-10-27 17:46:35.635109,"IA 3 (VERY HARD): Disparo a Jugador en (7, 0) - Agua"
2025-10-27 17:46:36.997548,"Jugador: Disparo a Rival 1 en (3, 5) - Tocado"
2025-10-27 17:46:37.799214,"IA 1 (VERY HARD): Disparo a Jugador en (2, 4) - Agua"
2025-10-27 17:46:38.599879,"IA 2 (VERY HARD): Disparo a Jugador en (9, 0) - Agua"
2025-10-27 17:46:39.400993,"IA 3 (VERY HARD): Disparo a Jugador en (6, 1) - Agua"
2025-10-27 17:46:40.012611,"Jugador: Disparo a Rival 1 en (3, 7) - Tocado"
2025-10-27 17:46:40.813800,"IA 1 (VERY HARD): Disparo a Jugador en (3, 3) - Tocado"
2025-10-27 17:46:41.615811,"IA 2 (VERY HARD): Disparo a Jugador en (5, 4) - Agua"
2025-10-27 17:46:42.417691,"IA 3 (VERY HARD): Disparo a Jugador en (1, 6) - Agua"
2025-10-27 17:46:43.731245,"Jugador: Disparo a Rival 1 en (3, 8) - Hundido"
2025-10-27 17:46:44.532281,"IA 1 (VERY HARD): Disparo a Jugador en (3, 5) - Tocado"
2025-10-27 17:46:45.334944,"IA 2 (VERY HARD): Disparo a Jugador en (9, 1) - Agua"
2025-10-27 17:46:46.135540,"IA 3 (VERY HARD): Disparo a Jugador en (2, 8) - Agua"
2025-10-27 17:46:48.767175,"Jugador: Disparo a Rival 1 en (4, 1) - Tocado"
2025-10-27 17:46:49.568456,"IA 1 (VERY HARD): Disparo a Jugador en (3, 7) - Tocado"
2025-10-27 17:46:50.369894,"IA 2 (VERY HARD): Disparo a Jugador en (9, 2) - Agua"
2025-10-27 17:46:51.171206,"IA 3 (VERY HARD): Disparo a Jugador en (1, 7) - Tocado"
2025-10-27 17:46:52.600161,"Jugador: Disparo a Rival 1 en (5, 1) - Agua"
2025-10-27 17:46:53.401413,"IA 1 (VERY HARD): Disparo a Jugador en (2, 3) - Agua"
2025-10-27 17:46:54.202572,"IA 2 (VERY HARD): Disparo a Jugador en (5, 5) - Agua"
2025-10-27 17:46:55.004723,"IA 3 (VERY HARD): Disparo a Jugador en (2, 7) - Hundido"
2025-10-27 17:46:56.597973,"Jugador: Disparo a Rival 1 en (3, 1) - Agua"
2025-10-27 17:46:57.398099,"IA 1 (VERY HARD): Disparo a Jugador en (4, 3) - Agua"
2025-10-27 17:46:58.200576,"IA 2 (VERY HARD): Disparo a Jugador en (5, 6) - Agua"
2025-10-27 17:46:59.001850,"IA 3 (VERY HARD): Disparo a Jugador en (6, 0) - Agua"
2025-10-27 17:46:59.769788,"Jugador: Disparo a Rival 1 en (4, 0) - Tocado"
2025-10-27 17:47:00.571033,"IA 1 (VERY HARD): Disparo a Jugador en (3, 2) - Hundido"
2025-10-27 17:47:00.572031,"Fin de partida: Ganador: IA, Puntuación Jugador: 9, Puntuación IA: 17"
2025-10-27 17:49:29.828102,"Partida iniciada: Dificultad: VERY HARD, Modo barcos: NORMAL, Rivales: 3"
2025-10-27 17:49:34.221492,"Jugador: Disparo a Rival 1 en (3, 3) - Agua"
2025-10-27 17:49:35.025251,"IA 1 (VERY HARD): Disparo a Rival 3 en (7, 5) - Agua"
2025-10-27 17:49:35.826297,"IA 2 (VERY HARD): Disparo a Rival 3 en (8, 1) - Agua"
2025-10-27 17:49:36.629528,"IA 3 (VERY HARD): Disparo a Rival 2 en (1, 6) - Tocado"
2025-10-27 17:54:13.680678,"Partida iniciada: Dificultad: VERY HARD, Modo barcos: NORMAL, Rivales: 3"
2025-10-27 17:56:42.289053,"Partida iniciada: Dificultad: VERY HARD, Modo barcos: NORMAL, Rivales: 3"
2025-10-27 17:56:58.029525,"Jugador: Disparo a Rival 1 en (2, 2) - Agua"
2025-10-27 17:56:58.830213,"IA 1 (VERY HARD): Disparo a Jugador en (2, 9) - Agua"
2025-10-27 17:56:59.632292,"IA 2 (VERY HARD): Disparo a Rival 3 en (1, 9) - Agua"
2025-10-27 17:57:00.433625,"IA 3 (VERY HARD): Disparo a Rival 2 en (5, 7) - Agua"
2025-10-27 17:57:04.793783,"Jugador: Disparo a Rival 1 en (5, 2) - Tocado"
2025-10-27 17:57:05.596140,"IA 1 (VERY HARD): Disparo a Rival 3 en (1, 5) - Agua"
2025-10-27 17:57:06.397823,"IA 2 (VERY HARD): Disparo a Rival 1 en (6, 2) - Agua"
2025-10-27 17:57:07.199171,"IA 3 (VERY HARD): Disparo a Jugador en (1, 2) - Agua"
2025-10-27 17:57:21.879809,"Partida iniciada: Dificultad: VERY HARD, Modo barcos: NORMAL, Rivales: 1"
2025-10-27 18:02:06.819711,"Partida iniciada: Dificultad: VERY HARD, Modo barcos: NORMAL, Rivales: 3"
2025-10-27 18:04:06.913684,"Partida iniciada: Dificultad: VERY HARD, Modo barcos: NORMAL, Rivales: 3"
2025-10-27 18:04:11.009802,"Jugador: Disparo a Rival 1 en (2, 1) - Agua"
2025-10-27 18:04:11.811476,"IA 1 (VERY HARD): Disparo a Rival 2 en (3, 5) - Agua"
2025-10-27 18:04:12.613087,"IA 2 (VERY HARD): Disparo a Jugador en (4, 4) - Agua"
2025-10-27 18:04:13.414200,"IA 3 (VERY HARD): Disparo a Jugador en (7, 9) - Tocado"
2025-10-27 18:05:18.126229,"Partida iniciada: Dificultad: HARD, Modo barcos: NORMAL, Rivales: 1"
2025-10-27 18:06:19.192120,"Partida iniciada: Dificultad: NORMAL, Modo barcos: NORMAL, Rivales: 1"
2025-10-27 18:06:41.839481,"Partida iniciada: Dificultad: HARD, Modo barcos: NORMAL, Rivales: 1"
2025-10-27 18:06:55.037109,"Partida iniciada: Dificultad: HARD, Modo barcos: NORMAL, Rivales: 1"
2025-10-27 18:07:10.553886,"Partida iniciada: Dificultad: VERY HARD, Modo barcos: NORMAL, Rivales: 1"
2025-10-27 18:07:21.509897,"Partida iniciada: Dificultad: NORMAL, Modo barcos: NORMAL, Rivales: 1"
2025-10-27 18:08:21.508275,"Partida iniciada: Dificultad: VERY HARD, Modo barcos: NORMAL, Rivales: 1"
2025-10-27 18:08:35.360770,"Partida iniciada: Dificultad: HARD, Modo barcos: NORMAL, Rivales: 1"
2025-10-27 18:09:36.135588,"Partida iniciada: Dificultad: NORMAL, Modo barcos: NORMAL, Rivales: 1"
2025-10-27 18:09:48.298221,"Partida iniciada: Dificultad: HARD, Modo barcos: NORMAL, Rivales: 1"
2025-10-27 18:11:13.333293,"Partida iniciada: Dificultad: HARD, Modo barcos: NORMAL, Rivales: 1"
2025-10-27 18:12:02.013704,"Partida iniciada: Dificultad: HARD, Modo barcos: NORMAL, Rivales: 1"
2025-10-27 18:12:05.181171,"Jugador: Disparo a Rival 1 en (2, 1) - Agua"
2025-10-27 18:12:05.982808,"IA 1 (HARD): Disparo a Jugador en (8, 6) - Agua"
2025-10-27 18:12:07.015749,"Jugador: Disparo a Rival 1 en (4, 2) - Tocado"
2025-10-27 18:12:07.816819,"IA 1 (HARD): Disparo a Jugador en (6, 8) - Agua"
2025-10-27 18:12:11.201158,"Partida iniciada: Dificultad: VERY HARD, Modo barcos: NORMAL, Rivales: 3"
2025-10-27 18:12:11.611118,"Jugador: Disparo a Rival 1 en (4, 1) - Agua"
2025-10-27 18:12:12.412139,"IA 1 (VERY HARD): Disparo a Rival 3 en (4, 0) - Agua"
2025-10-27 18:12:13.214003,"IA 2 (VERY HARD): Disparo a Rival 1 en (9, 4) - Agua"
2025-10-27 18:12:14.016028,"IA 3 (VERY HARD): Disparo a Rival 2 en (3, 1) - Agua"
2025-10-27 18:12:17.096094,"Jugador: Disparo a Rival 1 en (4, 3) - Agua"
2025-10-27 18:12:17.896224,"IA 1 (VERY HARD): Disparo a Rival 3 en (2, 3) - Agua"
2025-10-27 18:12:18.696960,"IA 2 (VERY HARD): Disparo a Jugador en (5, 5) - Agua"
2025-10-27 18:12:19.498514,"IA 3 (VERY HARD): Disparo a Jugador en (8, 5) - Tocado"
2025-10-27 18:13:03.781658,"Partida iniciada: Dificultad: NORMAL, Modo barcos: NORMAL, Rivales: 1"
2025-10-27 18:13:04.775104,"Jugador: Disparo a Rival 1 en (2, 2) - Agua"
2025-10-27 18:13:05.576636,"IA 1 (NORMAL): Disparo a Jugador en (8, 0) - Agua"
2025-10-27 18:13:08.723987,"Jugador: Disparo a Rival 1 en (6, 4) - Agua"
2025-10-27 18:13:09.525547,"IA 1 (NORMAL): Disparo a Jugador en (3, 1) - Agua"
2025-10-27 18:13:10.713376,"Partida iniciada: Dificultad: VERY HARD, Modo barcos: NORMAL, Rivales: 1"
2025-10-27 18:13:11.063430,"Jugador: Disparo a Rival 1 en (6, 3) - Agua"
2025-10-27 18:13:11.863657,"IA 1 (VERY HARD): Disparo a Jugador en (9, 6) - Agua"
2025-10-27 18:13:14.045069,"Partida iniciada: Dificultad: VERY HARD, Modo barcos: NORMAL, Rivales: 3"
2025-10-27 18:13:14.412025,"Jugador: Disparo a Rival 1 en (5, 2) - Agua"
2025-10-27 18:13:15.213142,"IA 1 (VERY HARD): Disparo a Jugador en (8, 7) - Agua"
2025-10-27 18:13:16.014324,"IA 2 (VERY HARD): Disparo a Rival 1 en (5, 4) - Agua"
2025-10-27 18:13:16.815103,"IA 3 (VERY HARD): Disparo a Rival 2 en (1, 3) - Agua"
2025-10-27 18:13:51.492774,"Partida iniciada: Dificultad: VERY HARD, Modo barcos: NORMAL, Rivales: 3"
2025-10-27 18:13:52.315508,"Jugador: Disparo a Rival 1 en (5, 2) - Agua"
2025-10-27 18:13:53.117698,"IA 1 (VERY HARD): Disparo a Rival 3 en (8, 6) - Agua"
2025-10-27 18:13:53.920533,"IA 2 (VERY HARD): Disparo a Rival 3 en (6, 6) - Agua"
2025-10-27 18:13:54.722964,"IA 3 (VERY HARD): Disparo a Rival 2 en (1, 5) - Agua"
2025-10-27 18:15:15.230811,"Partida iniciada: Dificultad: VERY HARD, Modo barcos: NORMAL, Rivales: 3"
2025-10-27 18:15:16.904544,"Jugador: Disparo a Rival 1 en (3, 2) - Agua"
2025-10-27 18:15:17.708032,"IA 1 (VERY HARD): Disparo a Jugador en (8, 2) - Agua"
2025-10-27 18:15:18.509941,"IA 2 (VERY HARD): Disparo a Rival 3 en (1, 0) - Agua"
2025-10-27 18:15:19.311327,"IA 3 (VERY HARD): Disparo a Rival 1 en (7, 3) - Agua"
2025-10-27 18:15:34.052575,"Partida iniciada: Dificultad: HARD, Modo barcos: NORMAL, Rivales: 3"
2025-10-27 18:15:34.818865,"Jugador: Disparo a Rival 1 en (2, 2) - Tocado"
2025-10-27 18:15:35.620831,"IA 1 (HARD): Disparo a Rival 2 en (9, 0) - Agua"
2025-10-27 18:15:36.422378,"IA 2 (HARD): Disparo a Jugador en (1, 3) - Agua"
2025-10-27 18:15:37.224188,"IA 3 (HARD): Disparo a Rival 2 en (4, 6) - Tocado"
2025-10-27 18:18:46.424588,"Partida iniciada: Dificultad: VERY HARD, Modo barcos: NORMAL, Rivales: 3"
2025-10-27 18:18:47.604410,"Jugador: Disparo a Rival 1 en (1, 3) - Agua"
2025-10-27 18:18:48.406106,"IA 1 (VERY HARD): Disparo a Rival 2 en (6, 6) - Agua"
2025-10-27 18:18:49.208390,"IA 2 (VERY HARD): Disparo a Jugador en (9, 0) - Agua"
2025-10-27 18:18:50.010316,"IA 3 (VERY HARD): Disparo a Jugador en (7, 8) - Agua"
2025-10-27 18:26:01.298922,"Partida iniciada: Dificultad: EASY, Modo barcos: RUSO, Rivales: 3"
2025-10-27 18:26:08.385900,"Jugador: Disparo a Rival 3 en (2, 3) - Agua"
2025-10-27 18:26:09.187939,"IA 1 (EASY): Disparo a Jugador en (2, 3) - Agua"
2025-10-27 18:26:09.989858,"IA 2 (EASY): Disparo a Rival 3 en (7, 7) - Agua"
2025-10-27 18:26:10.792144,"IA 3 (EASY): Disparo a Jugador en (6, 1) - Agua"
2025-10-27 18:59:00.840283,"Partida iniciada: Dificultad: EASY, Modo barcos: NORMAL, Rivales: 3"
2025-10-27 18:59:02.034751,"Jugador: Disparo a Rival 1 en (2, 1) - Agua"
2025-10-27 18:59:02.837846,"IA 1 (EASY): Disparo a Rival 2 en (7, 9) - Agua"
2025-10-27 18:59:03.639835,"IA 2 (EASY): Disparo a Rival 3 en (9, 5) - Agua"
2025-10-27 18:59:04.440457,"IA 3 (EASY): Disparo a Rival 1 en (8, 3) - Tocado"
2025-10-27 18:59:05.613962,"Jugador: Disparo a Rival 1 en (7, 3) - Agua"
2025-10-27 18:59:06.416325,"IA 1 (EASY): Disparo a Rival 3 en (9, 6) - Agua"
2025-10-27 18:59:07.219166,"IA 2 (EASY): Disparo a Rival 1 en (0, 0) - Agua"
2025-10-27 18:59:08.020041,"IA 3 (EASY): Disparo a Rival 1 en (4, 8) - Agua"
2025-10-27 18:59:09.199994,"Jugador: Disparo a Rival 1 en (8, 2) - Tocado"
2025-10-27 18:59:10.000752,"IA 1 (EASY): Disparo a Rival 2 en (7, 1) - Agua"
2025-10-27 18:59:10.802440,"IA 2 (EASY): Disparo a Rival 3 en (4, 6) - Agua"
2025-10-27 18:59:11.603560,"IA 3 (EASY): Disparo a Rival 1 en (5, 1) - Agua"
2025-10-27 18:59:13.789741,"Jugador: Disparo a Rival 1 en (8, 4) - Tocado"
2025-10-27 18:59:14.592736,"IA 1 (EASY): Disparo a Rival 3 en (5, 5) - Agua"
2025-10-27 18:59:15.394578,"IA 2 (EASY): Disparo a Rival 3 en (1, 5) - Agua"
2025-10-27 18:59:16.194807,"IA 3 (EASY): Disparo a Rival 2 en (4, 3) - Agua"
2025-10-27 18:59:17.120975,"Jugador: Disparo a Rival 1 en (8, 1) - Agua"
2025-10-27 18:59:17.922855,"IA 1 (EASY): Disparo a Jugador en (1, 9) - Agua"
2025-10-27 18:59:18.723981,"IA 2 (EASY): Disparo a Jugador en (0, 3) - Agua"
2025-10-27 18:59:19.527426,"IA 3 (EASY): Disparo a Rival 1 en (3, 0) - Agua"
2025-10-27 18:59:20.481081,"Jugador: Disparo a Rival 1 en (8, 5) - Tocado"
2025-10-27 18:59:21.283683,"IA 1 (EASY): Disparo a Jugador en (7, 6) - Agua"
2025-10-27 18:59:22.084836,"IA 2 (EASY): Disparo a Jugador en (5, 3) - Tocado"
2025-10-27 18:59:22.887525,"IA 3 (EASY): Disparo a Rival 2 en (7, 3) - Agua"
2025-10-27 18:59:23.865184,"Jugador: Disparo a Rival 1 en (8, 6) - Hundido"
2025-10-27 18:59:24.666669,"IA 1 (EASY): Disparo a Rival 2 en (5, 1) - Agua"
2025-10-27 18:59:25.468342,"IA 2 (EASY): Disparo a Rival 3 en (6, 5) - Tocado"
2025-10-27 18:59:26.270623,"IA 3 (EASY): Disparo a Jugador en (3, 1) - Agua"
2025-10-27 18:59:29.338037,"Jugador: Disparo a Rival 3 en (6, 4) - Tocado"
2025-10-27 18:59:30.139716,"IA 1 (EASY): Disparo a Rival 3 en (8, 1) - Agua"
2025-10-27 18:59:30.942009,"IA 2 (EASY): Disparo a Jugador en (5, 4) - Tocado"
2025-10-27 18:59:31.744178,"IA 3 (EASY): Disparo a Jugador en (6, 3) - Agua"
2025-10-27 18:59:32.627226,"Jugador: Disparo a Rival 3 en (6, 3) - Agua"
2025-10-27 18:59:33.429405,"IA 1 (EASY): Disparo a Rival 2 en (8, 8) - Agua"
2025-10-27 18:59:34.231521,"IA 2 (EASY): Disparo a Rival 3 en (1, 4) - Agua"
2025-10-27 18:59:35.032474,"IA 3 (EASY): Disparo a Rival 2 en (9, 3) - Agua"
2025-10-27 18:59:36.118438,"Jugador: Disparo a Rival 3 en (6, 6) - Tocado"
2025-10-27 18:59:36.921953,"IA 1 (EASY): Disparo a Rival 2 en (1, 2) - Agua"
2025-10-27 18:59:37.723818,"IA 2 (EASY): Disparo a Jugador en (9, 5) - Tocado"
2025-10-27 18:59:38.524966,"IA 3 (EASY): Disparo a Rival 1 en (7, 0) - Tocado"
2025-10-27 18:59:39.426234,"Jugador: Disparo a Rival 3 en (6, 7) - Tocado"
2025-10-27 18:59:40.228528,"IA 1 (EASY): Disparo a Rival 3 en (3, 8) - Agua"
2025-10-27 18:59:41.030729,"IA 2 (EASY): Disparo a Rival 3 en (5, 8) - Agua"
2025-10-27 18:59:41.832179,"IA 3 (EASY): Disparo a Rival 2 en (8, 5) - Agua"
2025-10-27 18:59:42.748284,"Jugador: Disparo a Rival 3 en (6, 8) - Hundido"
2025-10-27 18:59:43.548422,"IA 1 (EASY): Disparo a Rival 2 en (0, 8) - Agua"
2025-10-27 18:59:44.349501,"IA 2 (EASY): Disparo a Jugador en (6, 6) - Agua"
2025-10-27 18:59:45.150032,"IA 3 (EASY): Disparo a Jugador en (0, 9) - Agua"
2025-10-27 18:59:48.368478,"Jugador: Disparo a Rival 1 en (6, 0) - Agua"
2025-10-27 18:59:49.168788,"IA 1 (EASY): Disparo a Rival 2 en (7, 7) - Agua"
2025-10-27 18:59:49.972568,"IA 2 (EASY): Disparo a Rival 3 en (9, 9) - Tocado"
2025-10-27 18:59:50.772955,"IA 3 (EASY): Disparo a Jugador en (3, 2) - Agua"
2025-10-27 18:59:52.062965,"Jugador: Disparo a Rival 1 en (8, 0) - Tocado"
2025-10-27 18:59:52.864558,"IA 1 (EASY): Disparo a Rival 2 en (5, 2) - Tocado"
2025-10-27 18:59:53.665049,"IA 2 (EASY): Disparo a Rival 3 en (4, 2) - Agua"
2025-10-27 18:59:54.466799,"IA 3 (EASY): Disparo a Rival 1 en (6, 9) - Agua"
2025-10-27 18:59:55.767466,"Jugador: Disparo a Rival 1 en (9, 0) - Hundido"
2025-10-27 18:59:56.569012,"IA 1 (EASY): Disparo a Rival 2 en (0, 5) - Agua"
2025-10-27 18:59:57.370893,"IA 2 (EASY): Disparo a Jugador en (0, 6) - Tocado"
2025-10-27 18:59:58.172839,"IA 3 (EASY): Disparo a Rival 2 en (5, 0) - Agua"
2025-10-27 19:00:09.857460,"Jugador: Disparo a Rival 2 en (5, 3) - Agua"
2025-10-27 19:00:10.657900,"IA 1 (EASY): Disparo a Rival 3 en (6, 9) - Agua"
2025-10-27 19:00:11.459109,"IA 2 (EASY): Disparo a Jugador en (3, 0) - Agua"
2025-10-27 19:00:12.261180,"IA 3 (EASY): Disparo a Rival 1 en (5, 7) - Agua"
2025-10-27 19:00:13.228639,"Jugador: Disparo a Rival 2 en (6, 2) - Tocado"
2025-10-27 19:00:14.030636,"IA 1 (EASY): Disparo a Rival 2 en (4, 9) - Agua"
2025-10-27 19:00:14.833046,"IA 2 (EASY): Disparo a Jugador en (9, 6) - Tocado"
2025-10-27 19:00:15.633335,"IA 3 (EASY): Disparo a Rival 2 en (6, 6) - Agua"
2025-10-27 19:00:16.772082,"Jugador: Disparo a Rival 2 en (7, 2) - Agua"
2025-10-27 19:00:17.573856,"IA 1 (EASY): Disparo a Rival 2 en (2, 1) - Agua"
2025-10-27 19:00:18.374877,"IA 2 (EASY): Disparo a Jugador en (4, 1) - Agua"
2025-10-27 19:00:19.174898,"IA 3 (EASY): Disparo a Rival 2 en (0, 1) - Agua"
2025-10-27 19:00:20.336183,"Jugador: Disparo a Rival 2 en (4, 2) - Tocado"
2025-10-27 19:00:21.138234,"IA 1 (EASY): Disparo a Rival 2 en (1, 8) - Agua"
2025-10-27 19:00:21.939558,"IA 2 (EASY): Disparo a Rival 3 en (2, 3) - Agua"
2025-10-27 19:00:22.741949,"IA 3 (EASY): Disparo a Rival 1 en (9, 4) - Agua"
2025-10-27 19:00:23.466864,"Jugador: Disparo a Rival 2 en (3, 2) - Tocado"
2025-10-27 19:00:24.268175,"IA 1 (EASY): Disparo a Rival 3 en (8, 5) - Agua"
2025-10-27 19:00:25.069573,"IA 2 (EASY): Disparo a Rival 1 en (4, 0) - Agua"
2025-10-27 19:00:25.870584,"IA 3 (EASY): Disparo a Rival 2 en (5, 9) - Agua"
2025-10-27 19:00:26.623342,"Jugador: Disparo a Rival 2 en (2, 2) - Hundido"
2025-10-27 19:00:27.424558,"IA 1 (EASY): Disparo a Jugador en (7, 3) - Agua"
2025-10-27 19:00:28.227306,"IA 2 (EASY): Disparo a Rival 3 en (0, 6) - Tocado"
2025-10-27 19:00:29.028022,"IA 3 (EASY): Disparo a Jugador en (5, 9) - Agua"
2025-10-27 19:00:32.221422,"Jugador: Disparo a Rival 3 en (0, 7) - Tocado"
2025-10-27 19:00:33.022555,"IA 1 (EASY): Disparo a Rival 3 en (8, 6) - Agua"
2025-10-27 19:00:33.823413,"IA 2 (EASY): Disparo a Rival 3 en (4, 4) - Agua"
2025-10-27 19:00:34.623476,"IA 3 (EASY): Disparo a Rival 2 en (7, 4) - Agua"
2025-10-27 19:00:35.577920,"Jugador: Disparo a Rival 3 en (0, 5) - Hundido"
2025-10-27 19:00:36.378663,"IA 1 (EASY): Disparo a Rival 3 en (1, 2) - Tocado"
2025-10-27 19:00:37.180340,"IA 2 (EASY): Disparo a Rival 3 en (0, 4) - Agua"
2025-10-27 19:00:37.981517,"IA 3 (EASY): Disparo a Rival 2 en (1, 1) - Agua"
2025-10-27 19:00:42.141053,"Jugador: Disparo a Rival 3 en (9, 8) - Agua"
2025-10-27 19:00:42.942543,"IA 1 (EASY): Disparo a Rival 2 en (8, 6) - Agua"
2025-10-27 19:00:43.743716,"IA 2 (EASY): Disparo a Rival 3 en (0, 1) - Agua"
2025-10-27 19:00:44.544893,"IA 3 (EASY): Disparo a Rival 1 en (6, 2) - Agua"
2025-10-27 19:00:45.230356,"Jugador: Disparo a Rival 3 en (8, 9) - Hundido"
2025-10-27 19:00:46.031668,"IA 1 (EASY): Disparo a Rival 2 en (1, 0) - Agua"
2025-10-27 19:00:46.833972,"IA 2 (EASY): Disparo a Jugador en (8, 8) - Agua"
2025-10-27 19:00:47.634228,"IA 3 (EASY): Disparo a Rival 2 en (7, 5) - Agua"
2025-10-27 19:00:49.263424,"Jugador: Disparo a Rival 3 en (1, 1) - Tocado"
2025-10-27 19:00:50.063591,"IA 1 (EASY): Disparo a Jugador en (5, 2) - Tocado"
2025-10-27 19:00:50.865025,"IA 2 (EASY): Disparo a Rival 3 en (3, 9) - Agua"
2025-10-27 19:00:51.666514,"IA 3 (EASY): Disparo a Rival 1 en (1, 3) - Agua"
2025-10-27 19:00:52.837929,"Jugador: Disparo a Rival 3 en (1, 0) - Tocado"
2025-10-27 19:00:53.638212,"IA 1 (EASY): Disparo a Jugador en (9, 4) - Agua"
2025-10-27 19:00:54.438389,"IA 2 (EASY): Disparo a Rival 3 en (4, 5) - Agua"
2025-10-27 19:00:55.238561,"IA 3 (EASY): Disparo a Rival 1 en (3, 3) - Tocado"
2025-10-27 19:00:55.888569,"Jugador: Disparo a Rival 3 en (1, 3) - Hundido"
2025-10-27 19:00:56.689894,"IA 1 (EASY): Disparo a Rival 3 en (4, 0) - Agua"
2025-10-27 19:00:57.490486,"IA 2 (EASY): Disparo a Rival 3 en (2, 5) - Agua"
2025-10-27 19:00:58.290531,"IA 3 (EASY): Disparo a Rival 1 en (7, 6) - Agua"
2025-10-27 19:01:02.510003,"Jugador: Disparo a Rival 1 en (3, 4) - Tocado"
2025-10-27 19:01:03.311772,"IA 1 (EASY): Disparo a Jugador en (3, 3) - Agua"
2025-10-27 19:01:04.114939,"IA 2 (EASY): Disparo a Rival 3 en (3, 3) - Agua"
2025-10-27 19:01:04.915137,"IA 3 (EASY): Disparo a Jugador en (8, 3) - Agua"
2025-10-27 19:01:06.000217,"Jugador: Disparo a Rival 1 en (3, 5) - Tocado"
2025-10-27 19:01:06.800552,"IA 1 (EASY): Disparo a Jugador en (4, 4) - Agua"
2025-10-27 19:01:07.601753,"IA 2 (EASY): Disparo a Rival 1 en (3, 7) - Agua"
2025-10-27 19:01:08.403689,"IA 3 (EASY): Disparo a Rival 2 en (5, 4) - Agua"
2025-10-27 19:01:09.621016,"Jugador: Disparo a Rival 1 en (3, 6) - Hundido"
2025-10-27 19:01:10.422737,"IA 1 (EASY): Disparo a Rival 2 en (9, 5) - Agua"
2025-10-27 19:01:11.223898,"IA 2 (EASY): Disparo a Rival 1 en (2, 3) - Agua"
2025-10-27 19:01:12.024774,"IA 3 (EASY): Disparo a Jugador en (4, 6) - Agua"
2025-10-27 19:01:13.755620,"Jugador: Disparo a Rival 1 en (3, 2) - Agua"
2025-10-27 19:01:14.556209,"IA 1 (EASY): Disparo a Rival 2 en (1, 7) - Agua"
2025-10-27 19:01:15.357233,"IA 2 (EASY): Disparo a Rival 1 en (6, 3) - Agua"
2025-10-27 19:01:16.158333,"IA 3 (EASY): Disparo a Rival 2 en (8, 9) - Agua"
2025-10-27 19:01:30.340853,"Jugador: Disparo a Rival 2 en (3, 5) - Agua"
2025-10-27 19:01:31.143014,"IA 1 (EASY): Disparo a Rival 3 en (7, 4) - Agua"
2025-10-27 19:01:31.944161,"IA 2 (EASY): Disparo a Rival 1 en (4, 2) - Agua"
2025-10-27 19:01:32.744676,"IA 3 (EASY): Disparo a Jugador en (6, 0) - Agua"
2025-10-27 19:01:33.748015,"Jugador: Disparo a Rival 2 en (4, 7) - Tocado"
2025-10-27 19:01:34.552618,"IA 1 (EASY): Disparo a Rival 3 en (9, 2) - Agua"
2025-10-27 19:01:35.355106,"IA 2 (EASY): Disparo a Rival 1 en (5, 2) - Agua"
2025-10-27 19:01:36.157689,"IA 3 (EASY): Disparo a Jugador en (7, 1) - Tocado"
2025-10-27 19:01:37.456734,"Jugador: Disparo a Rival 2 en (4, 8) - Agua"
2025-10-27 19:01:38.259099,"IA 1 (EASY): Disparo a Rival 2 en (4, 0) - Agua"
2025-10-27 19:01:39.059366,"IA 2 (EASY): Disparo a Rival 1 en (3, 9) - Agua"
2025-10-27 19:01:39.861278,"IA 3 (EASY): Disparo a Rival 1 en (2, 5) - Agua"
2025-10-27 19:01:40.958025,"Jugador: Disparo a Rival 2 en (5, 7) - Agua"
2025-10-27 19:01:41.760255,"IA 1 (EASY): Disparo a Rival 2 en (0, 6) - Agua"
2025-10-27 19:01:42.560773,"IA 2 (EASY): Disparo a Jugador en (0, 8) - Agua"
2025-10-27 19:01:43.362977,"IA 3 (EASY): Disparo a Jugador en (7, 8) - Agua"
2025-10-27 19:01:44.116926,"Jugador: Disparo a Rival 2 en (4, 6) - Hundido"
2025-10-27 19:01:44.918982,"IA 1 (EASY): Disparo a Rival 3 en (3, 7) - Agua"
2025-10-27 19:01:45.719827,"IA 2 (EASY): Disparo a Rival 3 en (2, 6) - Agua"
2025-10-27 19:01:46.521690,"IA 3 (EASY): Disparo a Rival 2 en (1, 5) - Agua"
2025-10-27 19:01:47.401795,"Jugador: Disparo a Rival 2 en (4, 5) - Agua"
2025-10-27 19:01:48.204770,"IA 1 (EASY): Disparo a Rival 3 en (7, 6) - Agua"
2025-10-27 19:01:49.006775,"IA 2 (EASY): Disparo a Rival 3 en (5, 6) - Agua"
2025-10-27 19:01:49.806982,"IA 3 (EASY): Disparo a Jugador en (8, 4) - Agua"
2025-10-27 19:01:50.312130,"Jugador: Disparo a Rival 2 en (2, 4) - Agua"
2025-10-27 19:01:51.113517,"IA 1 (EASY): Disparo a Rival 3 en (0, 8) - Agua"
2025-10-27 19:01:51.914661,"IA 2 (EASY): Disparo a Rival 1 en (9, 1) - Agua"
2025-10-27 19:01:52.718282,"IA 3 (EASY): Disparo a Jugador en (2, 4) - Agua"
2025-10-27 19:01:53.569625,"Jugador: Disparo a Rival 2 en (2, 7) - Tocado"
2025-10-27 19:01:54.369913,"IA 1 (EASY): Disparo a Rival 2 en (6, 5) - Agua"
2025-10-27 19:01:55.170055,"IA 2 (EASY): Disparo a Rival 1 en (5, 0) - Agua"
2025-10-27 19:01:55.971093,"IA 3 (EASY): Disparo a Rival 2 en (1, 6) - Agua"
2025-10-27 19:01:56.735496,"Jugador: Disparo a Rival 2 en (2, 6) - Tocado"
2025-10-27 19:01:57.538194,"IA 1 (EASY): Disparo a Rival 3 en (3, 5) - Agua"
2025-10-27 19:01:58.339574,"IA 2 (EASY): Disparo a Rival 1 en (7, 2) - Agua"
2025-10-27 19:01:59.141424,"IA 3 (EASY): Disparo a Rival 2 en (5, 6) - Agua"
2025-10-27 19:02:00.173457,"Jugador: Disparo a Rival 2 en (2, 8) - Hundido"
2025-10-27 19:02:00.977275,"IA 1 (EASY): Disparo a Rival 3 en (6, 2) - Agua"
2025-10-27 19:02:01.779271,"IA 2 (EASY): Disparo a Rival 3 en (4, 3) - Agua"
2025-10-27 19:02:02.579664,"IA 3 (EASY): Disparo a Rival 2 en (6, 0) - Tocado"
2025-10-27 19:02:10.135779,"Jugador: Disparo a Rival 2 en (7, 0) - Tocado"
2025-10-27 19:02:10.936939,"IA 1 (EASY): Disparo a Rival 2 en (7, 6) - Agua"
2025-10-27 19:02:11.738999,"IA 2 (EASY): Disparo a Rival 1 en (9, 6) - Agua"
2025-10-27 19:02:12.540785,"IA 3 (EASY): Disparo a Jugador en (4, 2) - Agua"
2025-10-27 19:02:13.658230,"Jugador: Disparo a Rival 2 en (8, 0) - Tocado"
2025-10-27 19:02:14.458833,"IA 1 (EASY): Disparo a Rival 3 en (7, 0) - Agua"
2025-10-27 19:02:15.260419,"IA 2 (EASY): Disparo a Rival 3 en (6, 0) - Agua"
2025-10-27 19:02:16.060507,"IA 3 (EASY): Disparo a Jugador en (2, 1) - Agua"
2025-10-27 19:02:16.748908,"Jugador: Disparo a Rival 2 en (9, 0) - Hundido"
2025-10-27 19:02:17.550121,"IA 1 (EASY): Disparo a Jugador en (5, 5) - Agua"
2025-10-27 19:02:18.352127,"IA 2 (EASY): Disparo a Rival 3 en (3, 6) - Agua"
2025-10-27 19:02:19.152977,"IA 3 (EASY): Disparo a Rival 2 en (0, 0) - Agua"
2025-10-27 19:02:19.590927,"Jugador: Disparo a Rival 2 en (8, 2) - Agua"
2025-10-27 19:02:20.392464,"IA 1 (EASY): Disparo a Rival 3 en (1, 8) - Agua"
2025-10-27 19:02:21.194417,"IA 2 (EASY): Disparo a Rival 3 en (0, 0) - Agua"
2025-10-27 19:02:21.995684,"IA 3 (EASY): Disparo a Jugador en (7, 7) - Agua"
2025-10-27 19:02:30.557621,"Jugador: Disparo a Rival 2 en (9, 7) - Agua"
2025-10-27 19:02:31.357954,"IA 1 (EASY): Disparo a Rival 3 en (0, 3) - Agua"
2025-10-27 19:02:32.159900,"IA 2 (EASY): Disparo a Jugador en (1, 0) - Agua"
2025-10-27 19:02:32.962369,"IA 3 (EASY): Disparo a Rival 2 en (0, 3) - Agua"
2025-10-27 19:02:33.835533,"Jugador: Disparo a Rival 2 en (9, 8) - Agua"
2025-10-27 19:02:34.637244,"IA 1 (EASY): Disparo a Rival 2 en (7, 8) - Agua"
2025-10-27 19:02:35.437655,"IA 2 (EASY): Disparo a Rival 3 en (8, 2) - Agua"
2025-10-27 19:02:36.240861,"IA 3 (EASY): Disparo a Rival 1 en (7, 1) - Agua"
2025-10-27 19:02:36.248109,"Jugador: Disparo a Rival 2 en (6, 8) - Tocado"
2025-10-27 19:02:37.050643,"IA 1 (EASY): Disparo a Jugador en (9, 3) - Agua"
2025-10-27 19:02:37.850837,"IA 2 (EASY): Disparo a Rival 1 en (0, 7) - Agua"
2025-10-27 19:02:38.652157,"IA 3 (EASY): Disparo a Rival 1 en (8, 9) - Tocado"
2025-10-27 19:02:39.710582,"Jugador: Disparo a Rival 2 en (6, 7) - Tocado"
2025-10-27 19:02:40.512672,"IA 1 (EASY): Disparo a Jugador en (2, 5) - Agua"
2025-10-27 19:02:41.313737,"IA 2 (EASY): Disparo a Jugador en (4, 8) - Agua"
2025-10-27 19:02:42.116306,"IA 3 (EASY): Disparo a Rival 1 en (9, 7) - Agua"
2025-10-27 19:02:42.945520,"Jugador: Disparo a Rival 2 en (6, 9) - Hundido"
2025-10-27 19:02:43.748467,"IA 1 (EASY): Disparo a Rival 3 en (2, 2) - Agua"
2025-10-27 19:02:44.549110,"IA 2 (EASY): Disparo a Jugador en (0, 4) - Tocado"
2025-10-27 19:02:45.349876,"IA 3 (EASY): Disparo a Rival 1 en (2, 0) - Agua"
2025-10-27 19:02:52.381777,"Jugador: Disparo a Rival 1 en (7, 9) - Agua"
2025-10-27 19:02:53.183059,"IA 1 (EASY): Disparo a Rival 3 en (3, 4) - Agua"
2025-10-27 19:02:53.984270,"IA 2 (EASY): Disparo a Rival 1 en (3, 1) - Agua"
2025-10-27 19:02:54.786903,"IA 3 (EASY): Disparo a Rival 1 en (2, 7) - Agua"
2025-10-27 19:02:57.069955,"Jugador: Disparo a Rival 1 en (9, 9) - Agua"
2025-10-27 19:02:57.870180,"IA 1 (EASY): Disparo a Rival 3 en (5, 4) - Agua"
2025-10-27 19:02:58.670868,"IA 2 (EASY): Disparo a Jugador en (1, 7) - Agua"
2025-10-27 19:02:59.471906,"IA 3 (EASY): Disparo a Jugador en (2, 7) - Agua"
2025-10-27 19:03:04.469500,"Jugador: Disparo a Rival 1 en (8, 8) - Hundido"
2025-10-27 19:03:05.271647,"IA 1 (EASY): Disparo a Jugador en (2, 6) - Agua"
2025-10-27 19:03:06.072811,"IA 2 (EASY): Disparo a Rival 1 en (3, 8) - Agua"
2025-10-27 19:03:06.873994,"IA 3 (EASY): Disparo a Rival 1 en (5, 8) - Agua"
2025-10-27 19:03:14.354832,"Jugador: Disparo a Rival 3 en (4, 1) - Agua"
2025-10-27 19:03:15.156742,"IA 1 (EASY): Disparo a Rival 3 en (0, 9) - Agua"
2025-10-27 19:03:15.959075,"IA 2 (EASY): Disparo a Rival 1 en (1, 5) - Agua"
2025-10-27 19:03:16.759701,"IA 3 (EASY): Disparo a Jugador en (3, 5) - Agua"
2025-10-27 19:03:18.826834,"Jugador: Disparo a Rival 3 en (5, 1) - Agua"
2025-10-27 19:03:19.627871,"IA 1 (EASY): Disparo a Jugador en (6, 1) - Agua"
2025-10-27 19:03:20.431208,"IA 2 (EASY): Disparo a Jugador en (1, 8) - Agua"
2025-10-27 19:03:21.232038,"IA 3 (EASY): Disparo a Rival 1 en (1, 8) - Agua"
2025-10-27 19:03:22.552112,"Jugador: Disparo a Rival 3 en (7, 1) - Agua"
2025-10-27 19:03:23.354273,"IA 1 (EASY): Disparo a Rival 3 en (5, 9) - Agua"
2025-10-27 19:03:24.154402,"IA 2 (EASY): Disparo a Rival 1 en (2, 4) - Agua"
2025-10-27 19:03:24.957148,"IA 3 (EASY): Disparo a Rival 1 en (6, 7) - Agua"
2025-10-27 19:03:26.946925,"Jugador: Disparo a Rival 3 en (3, 1) - Tocado"
2025-10-27 19:03:27.749063,"IA 1 (EASY): Disparo a Rival 3 en (6, 1) - Agua"
2025-10-27 19:03:28.550247,"IA 2 (EASY): Disparo a Rival 3 en (7, 9) - Agua"
2025-10-27 19:03:29.350511,"IA 3 (EASY): Disparo a Rival 1 en (2, 8) - Agua"
2025-10-27 19:03:30.952772,"Jugador: Disparo a Rival 3 en (8, 3) - Agua"
2025-10-27 19:03:31.754373,"IA 1 (EASY): Disparo a Jugador en (1, 2) - Agua"
2025-10-27 19:03:32.556947,"IA 2 (EASY): Disparo a Rival 1 en (0, 1) - Agua"
2025-10-27 19:03:33.357385,"IA 3 (EASY): Disparo a Rival 1 en (1, 9) - Agua"
2025-10-27 19:03:34.292262,"Jugador: Disparo a Rival 3 en (4, 8) - Agua"
2025-10-27 19:03:35.093415,"IA 1 (EASY): Disparo a Rival 3 en (8, 8) - Agua"
2025-10-27 19:03:35.894576,"IA 2 (EASY): Disparo a Rival 3 en (5, 7) - Agua"
2025-10-27 19:03:36.695342,"IA 3 (EASY): Disparo a Rival 1 en (4, 4) - Agua"
2025-10-27 19:03:37.445957,"Jugador: Disparo a Rival 3 en (2, 8) - Agua"
2025-10-27 19:03:38.247672,"IA 1 (EASY): Disparo a Jugador en (8, 7) - Agua"
2025-10-27 19:03:39.049081,"IA 2 (EASY): Disparo a Rival 1 en (0, 8) - Agua"
2025-10-27 19:03:39.850327,"IA 3 (EASY): Disparo a Jugador en (0, 0) - Agua"
2025-10-27 19:03:44.567237,"Jugador: Disparo a Rival 3 en (3, 2) - Tocado"
2025-10-27 19:03:45.368715,"IA 1 (EASY): Disparo a Rival 3 en (0, 2) - Agua"
2025-10-27 19:03:46.169459,"IA 2 (EASY): Disparo a Jugador en (7, 2) - Agua"
2025-10-27 19:03:46.970317,"IA 3 (EASY): Disparo a Jugador en (9, 7) - Hundido"
2025-10-27 19:03:50.413568,"Jugador: Disparo a Rival 3 en (3, 0) - Hundido"
2025-10-27 19:03:51.215741,"IA 1 (EASY): Disparo a Jugador en (0, 5) - Tocado"
2025-10-27 19:03:52.017531,"IA 2 (EASY): Disparo a Jugador en (0, 7) - Hundido"
2025-10-27 19:03:52.818655,"IA 3 (EASY): Disparo a Rival 1 en (7, 8) - Agua"
2025-10-27 19:04:01.580126,"Jugador: Disparo a Rival 1 en (6, 4) - Agua"
2025-10-27 19:04:02.380942,"IA 1 (EASY): Disparo a Jugador en (4, 7) - Agua"
2025-10-27 19:04:03.183434,"IA 2 (EASY): Disparo a Jugador en (4, 5) - Agua"
2025-10-27 19:04:03.987506,"IA 3 (EASY): Disparo a Jugador en (6, 9) - Agua"
2025-10-27 19:04:05.265131,"Jugador: Disparo a Rival 1 en (6, 5) - Agua"
2025-10-27 19:04:06.067260,"IA 1 (EASY): Disparo a Jugador en (8, 9) - Agua"
2025-10-27 19:04:06.868744,"IA 2 (EASY): Disparo a Rival 1 en (5, 3) - Agua"
2025-10-27 19:04:07.669923,"IA 3 (EASY): Disparo a Jugador en (2, 3) - Agua"
2025-10-27 19:04:09.469895,"Jugador: Disparo a Rival 1 en (6, 6) - Agua"
2025-10-27 19:04:10.271281,"IA 1 (EASY): Disparo a Jugador en (8, 5) - Agua"
2025-10-27 19:04:11.073961,"IA 2 (EASY): Disparo a Rival 1 en (6, 8) - Agua"
2025-10-27 19:04:11.875296,"IA 3 (EASY): Disparo a Jugador en (2, 8) - Agua"
2025-10-27 19:04:17.902110,"Jugador: Disparo a Rival 1 en (5, 6) - Agua"
2025-10-27 19:04:18.703929,"IA 1 (EASY): Disparo a Jugador en (2, 2) - Agua"
2025-10-27 19:04:19.506290,"IA 2 (EASY): Disparo a Rival 1 en (2, 6) - Agua"
2025-10-27 19:04:20.308386,"IA 3 (EASY): Disparo a Jugador en (6, 8) - Agua"
2025-10-27 19:04:22.160613,"Jugador: Disparo a Rival 1 en (0, 4) - Tocado"
2025-10-27 19:04:22.961534,"IA 1 (EASY): Disparo a Jugador en (5, 1) - Tocado"
2025-10-27 19:04:23.763436,"IA 2 (EASY): Disparo a Rival 1 en (5, 4) - Agua"
2025-10-27 19:04:24.564999,"IA 3 (EASY): Disparo a Jugador en (9, 9) - Agua"
2025-10-27 19:04:25.491637,"Jugador: Disparo a Rival 1 en (0, 3) - Agua"
2025-10-27 19:04:26.292799,"IA 1 (EASY): Disparo a Jugador en (9, 8) - Agua"
2025-10-27 19:04:27.094050,"IA 2 (EASY): Disparo a Jugador en (5, 6) - Agua"
2025-10-27 19:04:27.895194,"IA 3 (EASY): Disparo a Rival 1 en (4, 3) - Agua"
2025-10-27 19:04:28.312094,"Jugador: Disparo a Rival 1 en (0, 5) - Tocado"
2025-10-27 19:04:29.113314,"IA 1 (EASY): Disparo a Jugador en (8, 2) - Agua"
2025-10-27 19:04:29.915227,"IA 2 (EASY): Disparo a Jugador en (9, 2) - Agua"
2025-10-27 19:04:30.717312,"IA 3 (EASY): Disparo a Jugador en (3, 4) - Agua"
2025-10-27 19:04:31.766989,"Jugador: Disparo a Rival 1 en (0, 6) - Hundido"
2025-10-27 19:04:31.767982,"Fin de partida: Ganador: Jugador, Puntuación Jugador: 51, Puntuación IA: 7"
2025-10-27 19:07:28.755281,"Partida iniciada: Dificultad: EASY, Modo barcos: NORMAL, Rivales: 3"
2025-10-27 19:07:30.405849,"Jugador: Disparo a Rival 1 en (2, 1) - Agua"
2025-10-27 19:07:31.210297,"IA 1 (EASY): Disparo a Rival 2 en (3, 6) - Agua"
2025-10-27 19:07:32.012613,"IA 2 (EASY): Disparo a Rival 1 en (5, 3) - Agua"
2025-10-27 19:07:32.813120,"IA 3 (EASY): Disparo a Rival 1 en (3, 5) - Agua"
2025-10-27 19:07:33.586548,"Jugador: Disparo a Rival 1 en (4, 1) - Agua"
2025-10-27 19:07:34.388329,"IA 1 (EASY): Disparo a Rival 2 en (8, 8) - Agua"
2025-10-27 19:07:35.189580,"IA 2 (EASY): Disparo a Rival 3 en (4, 1) - Agua"
2025-10-27 19:07:35.992498,"IA 3 (EASY): Disparo a Rival 2 en (9, 8) - Agua"
2025-10-27 19:07:37.633983,"Jugador: Disparo a Rival 1 en (6, 1) - Agua"
2025-10-27 19:07:38.436498,"IA 1 (EASY): Disparo a Rival 2 en (6, 7) - Agua"
2025-10-27 19:07:39.237400,"IA 2 (EASY): Disparo a Rival 1 en (3, 1) - Agua"
2025-10-27 19:07:40.038499,"IA 3 (EASY): Disparo a Jugador en (9, 8) - Agua"
2025-10-27 19:07:42.680703,"Jugador: Disparo a Rival 1 en (7, 3) - Tocado"
2025-10-27 19:07:43.480752,"IA 1 (EASY): Disparo a Jugador en (6, 7) - Agua"
2025-10-27 19:07:44.281717,"IA 2 (EASY): Disparo a Jugador en (8, 8) - Agua"
2025-10-27 19:07:45.083539,"IA 3 (EASY): Disparo a Rival 1 en (1, 3) - Agua"
2025-10-27 19:07:46.010055,"Jugador: Disparo a Rival 1 en (7, 4) - Hundido"
2025-10-27 19:07:46.811316,"IA 1 (EASY): Disparo a Rival 2 en (5, 3) - Agua"
2025-10-27 19:07:47.613413,"IA 2 (EASY): Disparo a Rival 3 en (9, 3) - Agua"
2025-10-27 19:07:48.413459,"IA 3 (EASY): Disparo a Rival 2 en (2, 2) - Agua"
2025-10-27 19:07:53.540594,"Jugador: Disparo a Rival 1 en (5, 6) - Tocado"
2025-10-27 19:07:54.342090,"IA 1 (EASY): Disparo a Rival 3 en (4, 9) - Tocado"
2025-10-27 19:07:55.144118,"IA 2 (EASY): Disparo a Jugador en (5, 3) - Agua"
2025-10-27 19:07:55.945361,"IA 3 (EASY): Disparo a Rival 1 en (8, 4) - Agua"
2025-10-27 19:07:57.010315,"Jugador: Disparo a Rival 1 en (5, 7) - Agua"
2025-10-27 19:07:57.812173,"IA 1 (EASY): Disparo a Rival 3 en (7, 9) - Agua"
2025-10-27 19:07:58.612185,"IA 2 (EASY): Disparo a Rival 3 en (8, 1) - Agua"
2025-10-27 19:07:59.413382,"IA 3 (EASY): Disparo a Jugador en (2, 4) - Agua"
2025-10-27 19:08:00.057924,"Jugador: Disparo a Rival 1 en (5, 5) - Agua"
2025-10-27 19:08:00.858063,"IA 1 (EASY): Disparo a Rival 2 en (6, 5) - Tocado"
2025-10-27 19:08:01.661554,"IA 2 (EASY): Disparo a Rival 3 en (1, 5) - Agua"
2025-10-27 19:08:02.463710,"IA 3 (EASY): Disparo a Rival 2 en (9, 4) - Agua"
2025-10-27 19:08:03.313785,"Jugador: Disparo a Rival 1 en (4, 6) - Tocado"
2025-10-27 19:08:04.116451,"IA 1 (EASY): Disparo a Rival 2 en (1, 5) - Agua"
2025-10-27 19:08:04.917432,"IA 2 (EASY): Disparo a Rival 1 en (8, 1) - Agua"
2025-10-27 19:08:05.718424,"IA 3 (EASY): Disparo a Rival 1 en (1, 7) - Agua"
2025-10-27 19:08:06.420499,"Jugador: Disparo a Rival 1 en (6, 6) - Agua"
2025-10-27 19:08:07.222551,"IA 1 (EASY): Disparo a Rival 3 en (3, 6) - Agua"
2025-10-27 19:08:08.023961,"IA 2 (EASY): Disparo a Rival 3 en (9, 9) - Agua"
2025-10-27 19:08:08.824195,"IA 3 (EASY): Disparo a Rival 2 en (9, 0) - Agua"
2025-10-27 19:08:09.786286,"Jugador: Disparo a Rival 1 en (3, 6) - Tocado"
2025-10-27 19:08:10.586964,"IA 1 (EASY): Disparo a Rival 3 en (1, 9) - Agua"
2025-10-27 19:08:11.389161,"IA 2 (EASY): Disparo a Rival 3 en (2, 6) - Tocado"
2025-10-27 19:08:12.190351,"IA 3 (EASY): Disparo a Rival 2 en (3, 7) - Agua"
2025-10-27 19:08:12.874197,"Jugador: Disparo a Rival 1 en (2, 6) - Hundido"
2025-10-27 19:08:13.676132,"IA 1 (EASY): Disparo a Rival 3 en (7, 4) - Agua"
2025-10-27 19:08:14.477281,"IA 2 (EASY): Disparo a Rival 3 en (7, 8) - Agua"
2025-10-27 19:08:15.278086,"IA 3 (EASY): Disparo a Rival 1 en (9, 9) - Agua"
2025-10-27 19:08:19.686939,"Jugador: Disparo a Rival 2 en (6, 4) - Tocado"
2025-10-27 19:08:20.487652,"IA 1 (EASY): Disparo a Rival 3 en (8, 0) - Tocado"
2025-10-27 19:08:21.287796,"IA 2 (EASY): Disparo a Jugador en (7, 2) - Agua"
2025-10-27 19:08:22.089906,"IA 3 (EASY): Disparo a Rival 1 en (4, 4) - Agua"
2025-10-27 19:08:23.019313,"Jugador: Disparo a Rival 2 en (6, 3) - Hundido"
2025-10-27 19:08:23.820481,"IA 1 (EASY): Disparo a Rival 3 en (2, 9) - Agua"
2025-10-27 19:08:24.623079,"IA 2 (EASY): Disparo a Rival 1 en (4, 2) - Agua"
2025-10-27 19:08:25.423776,"IA 3 (EASY): Disparo a Rival 2 en (7, 4) - Agua"
2025-10-27 19:08:25.886581,"Jugador: Disparo a Rival 2 en (6, 2) - Agua"
2025-10-27 19:08:26.687736,"IA 1 (EASY): Disparo a Rival 3 en (0, 8) - Agua"
2025-10-27 19:08:27.489140,"IA 2 (EASY): Disparo a Jugador en (3, 6) - Agua"
2025-10-27 19:08:28.290386,"IA 3 (EASY): Disparo a Jugador en (4, 8) - Agua"
2025-10-27 19:08:30.416483,"Jugador: Disparo a Rival 3 en (2, 7) - Hundido"
2025-10-27 19:08:31.218383,"IA 1 (EASY): Disparo a Rival 2 en (8, 9) - Agua"
2025-10-27 19:08:32.019254,"IA 2 (EASY): Disparo a Rival 1 en (2, 4) - Agua"
2025-10-27 19:08:32.820338,"IA 3 (EASY): Disparo a Jugador en (1, 4) - Tocado"
2025-10-27 19:08:33.159054,"Jugador: Disparo a Rival 3 en (3, 9) - Agua"
2025-10-27 19:08:33.959190,"IA 1 (EASY): Disparo a Rival 2 en (6, 6) - Agua"
2025-10-27 19:08:34.761258,"IA 2 (EASY): Disparo a Jugador en (7, 1) - Agua"
2025-10-27 19:08:35.562852,"IA 3 (EASY): Disparo a Rival 2 en (7, 9) - Agua"
2025-10-27 19:08:36.395298,"Jugador: Disparo a Rival 3 en (4, 8) - Agua"
2025-10-27 19:08:37.197749,"IA 1 (EASY): Disparo a Jugador en (8, 5) - Agua"
2025-10-27 19:08:38.000618,"IA 2 (EASY): Disparo a Rival 3 en (4, 3) - Agua"
2025-10-27 19:08:38.802493,"IA 3 (EASY): Disparo a Rival 1 en (3, 2) - Agua"
2025-10-27 19:08:39.244566,"Jugador: Disparo a Rival 3 en (5, 9) - Tocado"
2025-10-27 19:08:40.046795,"IA 1 (EASY): Disparo a Rival 2 en (5, 1) - Agua"
2025-10-27 19:08:40.847956,"IA 2 (EASY): Disparo a Rival 3 en (8, 9) - Agua"
2025-10-27 19:08:41.650158,"IA 3 (EASY): Disparo a Rival 2 en (1, 4) - Tocado"
2025-10-27 19:08:41.656846,"Jugador: Disparo a Rival 3 en (6, 9) - Hundido"
2025-10-27 19:08:42.457814,"IA 1 (EASY): Disparo a Jugador en (4, 3) - Agua"
2025-10-27 19:08:43.257950,"IA 2 (EASY): Disparo a Rival 3 en (5, 8) - Agua"
2025-10-27 19:08:44.060180,"IA 3 (EASY): Disparo a Jugador en (3, 1) - Agua"
2025-10-27 19:08:45.220080,"Jugador: Disparo a Rival 3 en (7, 0) - Tocado"
2025-10-27 19:08:46.021131,"IA 1 (EASY): Disparo a Jugador en (9, 3) - Agua"
2025-10-27 19:08:46.821722,"IA 2 (EASY): Disparo a Rival 1 en (2, 2) - Agua"
2025-10-27 19:08:47.622078,"IA 3 (EASY): Disparo a Rival 1 en (8, 8) - Agua"
2025-10-27 19:08:47.994352,"Jugador: Disparo a Rival 3 en (9, 0) - Hundido"
2025-10-27 19:08:48.795490,"IA 1 (EASY): Disparo a Jugador en (6, 5) - Agua"
2025-10-27 19:08:49.596638,"IA 2 (EASY): Disparo a Rival 3 en (9, 1) - Agua"
2025-10-27 19:08:50.397802,"IA 3 (EASY): Disparo a Jugador en (5, 0) - Agua"
2025-10-27 19:08:50.750010,"Jugador: Disparo a Rival 3 en (6, 0) - Agua"
2025-10-27 19:08:51.552427,"IA 1 (EASY): Disparo a Jugador en (9, 4) - Tocado"
2025-10-27 19:08:52.352726,"IA 2 (EASY): Disparo a Rival 1 en (0, 0) - Agua"
2025-10-27 19:08:53.154194,"IA 3 (EASY): Disparo a Rival 1 en (6, 2) - Agua"
2025-10-27 19:08:57.230856,"Jugador: Disparo a Rival 2 en (2, 4) - Agua"
2025-10-27 19:08:58.031888,"IA 1 (EASY): Disparo a Jugador en (8, 7) - Agua"
2025-10-27 19:08:58.834488,"IA 2 (EASY): Disparo a Jugador en (3, 4) - Agua"
2025-10-27 19:08:59.635548,"IA 3 (EASY): Disparo a Rival 2 en (3, 0) - Agua"
2025-10-27 19:09:00.886268,"Jugador: Disparo a Rival 2 en (1, 3) - Tocado"
2025-10-27 19:09:01.687515,"IA 1 (EASY): Disparo a Rival 2 en (0, 8) - Agua"
2025-10-27 19:09:02.487580,"IA 2 (EASY): Disparo a Rival 3 en (2, 5) - Agua"
2025-10-27 19:09:03.290261,"IA 3 (EASY): Disparo a Rival 1 en (7, 2) - Agua"
2025-10-27 19:09:04.296894,"Jugador: Disparo a Rival 2 en (1, 2) - Tocado"
2025-10-27 19:09:05.097386,"IA 1 (EASY): Disparo a Rival 2 en (1, 6) - Agua"
2025-10-27 19:09:05.900744,"IA 2 (EASY): Disparo a Rival 3 en (1, 6) - Agua"
2025-10-27 19:09:06.702000,"IA 3 (EASY): Disparo a Rival 2 en (5, 4) - Agua"
2025-10-27 19:09:07.102646,"Jugador: Disparo a Rival 2 en (1, 1) - Hundido"
2025-10-27 19:09:07.904915,"IA 1 (EASY): Disparo a Jugador en (8, 6) - Agua"
2025-10-27 19:09:08.706459,"IA 2 (EASY): Disparo a Rival 3 en (3, 8) - Agua"
2025-10-27 19:09:09.507707,"IA 3 (EASY): Disparo a Rival 2 en (8, 1) - Agua"
2025-10-27 19:09:52.119701,"Jugador: Disparo a Rival 3 en (1, 2) - Agua"
2025-10-27 19:09:52.920417,"IA 1 (EASY): Disparo a Jugador en (2, 5) - Agua"
2025-10-27 19:09:53.722684,"IA 2 (EASY): Disparo a Rival 1 en (9, 2) - Agua"
2025-10-27 19:09:54.524391,"IA 3 (EASY): Disparo a Jugador en (1, 3) - Tocado"
2025-10-27 19:09:57.242413,"Jugador: Disparo a Rival 3 en (2, 2) - Agua"
2025-10-27 19:09:58.044806,"IA 1 (EASY): Disparo a Jugador en (1, 7) - Agua"
2025-10-27 19:09:58.845855,"IA 2 (EASY): Disparo a Jugador en (9, 7) - Agua"
2025-10-27 19:09:59.647866,"IA 3 (EASY): Disparo a Jugador en (3, 0) - Agua"
2025-10-27 19:10:01.035674,"Jugador: Disparo a Rival 3 en (4, 2) - Agua"
2025-10-27 19:10:01.836896,"IA 1 (EASY): Disparo a Rival 3 en (3, 4) - Agua"
2025-10-27 19:10:02.637584,"IA 2 (EASY): Disparo a Jugador en (6, 1) - Tocado"
2025-10-27 19:10:03.437616,"IA 3 (EASY): Disparo a Rival 2 en (6, 1) - Agua"
2025-10-27 19:10:24.824231,"Jugador: Disparo a Rival 3 en (6, 4) - Agua"
2025-10-27 19:10:25.624975,"IA 1 (EASY): Disparo a Jugador en (9, 9) - Agua"
2025-10-27 19:10:26.425747,"IA 2 (EASY): Disparo a Jugador en (5, 5) - Agua"
2025-10-27 19:10:27.227154,"IA 3 (EASY): Disparo a Rival 2 en (3, 9) - Agua"
2025-10-27 19:10:28.791804,"Jugador: Disparo a Rival 3 en (7, 6) - Agua"
2025-10-27 19:10:29.594461,"IA 1 (EASY): Disparo a Rival 3 en (4, 4) - Agua"
2025-10-27 19:10:30.395589,"IA 2 (EASY): Disparo a Jugador en (8, 1) - Agua"
2025-10-27 19:10:31.197444,"IA 3 (EASY): Disparo a Jugador en (4, 5) - Agua"
2025-10-27 19:10:32.462736,"Jugador: Disparo a Rival 3 en (6, 6) - Agua"
2025-10-27 19:10:33.265712,"IA 1 (EASY): Disparo a Jugador en (6, 6) - Agua"
2025-10-27 19:10:34.067857,"IA 2 (EASY): Disparo a Rival 1 en (7, 7) - Agua"
2025-10-27 19:10:34.868624,"IA 3 (EASY): Disparo a Rival 2 en (8, 5) - Agua"
2025-10-27 19:10:38.244820,"Jugador: Disparo a Rival 3 en (5, 3) - Tocado"
2025-10-27 19:10:39.046967,"IA 1 (EASY): Disparo a Jugador en (2, 0) - Agua"
2025-10-27 19:10:39.856345,"IA 2 (EASY): Disparo a Jugador en (9, 2) - Agua"
2025-10-27 19:10:40.656642,"IA 3 (EASY): Disparo a Rival 1 en (1, 6) - Agua"
2025-10-27 19:10:48.741656,"Jugador: Disparo a Rival 3 en (5, 1) - Tocado"
2025-10-27 19:10:49.543581,"IA 1 (EASY): Disparo a Rival 3 en (0, 7) - Agua"
2025-10-27 19:10:50.346177,"IA 2 (EASY): Disparo a Rival 1 en (2, 8) - Agua"
2025-10-27 19:10:51.147968,"IA 3 (EASY): Disparo a Jugador en (5, 2) - Agua"
2025-10-27 19:10:54.007569,"Jugador: Disparo a Rival 3 en (5, 2) - Tocado"
2025-10-27 19:10:54.807881,"IA 1 (EASY): Disparo a Jugador en (3, 3) - Agua"
2025-10-27 19:10:55.610205,"IA 2 (EASY): Disparo a Rival 3 en (1, 1) - Agua"
2025-10-27 19:10:56.412453,"IA 3 (EASY): Disparo a Rival 2 en (5, 8) - Agua"
2025-10-27 19:10:58.649092,"Jugador: Disparo a Rival 3 en (5, 4) - Tocado"
2025-10-27 19:10:59.451436,"IA 1 (EASY): Disparo a Rival 3 en (7, 2) - Agua"
2025-10-27 19:11:00.253188,"IA 2 (EASY): Disparo a Rival 1 en (8, 2) - Agua"
2025-10-27 19:11:01.054341,"IA 3 (EASY): Disparo a Jugador en (0, 7) - Agua"
2025-10-27 19:11:02.466373,"Jugador: Disparo a Rival 3 en (5, 0) - Agua"
2025-10-27 19:11:03.267380,"IA 1 (EASY): Disparo a Rival 3 en (7, 5) - Agua"
2025-10-27 19:11:04.069762,"IA 2 (EASY): Disparo a Rival 1 en (6, 0) - Agua"
2025-10-27 19:11:04.872308,"IA 3 (EASY): Disparo a Jugador en (5, 4) - Agua"
2025-10-27 19:11:05.772547,"Jugador: Disparo a Rival 3 en (5, 5) - Hundido"
2025-10-27 19:11:06.573099,"IA 1 (EASY): Disparo a Rival 3 en (8, 2) - Agua"
2025-10-27 19:11:07.374289,"IA 2 (EASY): Disparo a Jugador en (4, 6) - Agua"
2025-10-27 19:11:08.175592,"IA 3 (EASY): Disparo a Jugador en (2, 1) - Agua"
2025-10-27 19:11:13.782280,"Jugador: Disparo a Rival 3 en (2, 0) - Agua"
2025-10-27 19:11:14.584450,"IA 1 (EASY): Disparo a Rival 2 en (5, 0) - Agua"
2025-10-27 19:11:15.385730,"IA 2 (EASY): Disparo a Rival 1 en (9, 0) - Agua"
2025-10-27 19:11:16.185908,"IA 3 (EASY): Disparo a Jugador en (4, 7) - Agua"
2025-10-27 19:11:16.570443,"Jugador: Disparo a Rival 3 en (3, 1) - Agua"
2025-10-27 19:11:17.372268,"IA 1 (EASY): Disparo a Jugador en (6, 3) - Agua"
2025-10-27 19:11:18.174942,"IA 2 (EASY): Disparo a Jugador en (3, 7) - Agua"
2025-10-27 19:11:18.976566,"IA 3 (EASY): Disparo a Jugador en (5, 9) - Agua"
2025-10-27 19:11:19.700253,"Jugador: Disparo a Rival 3 en (0, 2) - Agua"
2025-10-27 19:11:20.500779,"IA 1 (EASY): Disparo a Rival 2 en (2, 0) - Agua"
2025-10-27 19:11:21.301288,"IA 2 (EASY): Disparo a Jugador en (2, 2) - Agua"
2025-10-27 19:11:22.104350,"IA 3 (EASY): Disparo a Jugador en (8, 4) - Agua"
2025-10-27 19:11:22.442240,"Jugador: Disparo a Rival 3 en (0, 4) - Agua"
2025-10-27 19:11:23.243162,"IA 1 (EASY): Disparo a Rival 2 en (0, 0) - Agua"
2025-10-27 19:11:24.044552,"IA 2 (EASY): Disparo a Rival 3 en (9, 2) - Agua"
2025-10-27 19:11:24.844689,"IA 3 (EASY): Disparo a Jugador en (7, 9) - Agua"
2025-10-27 19:11:26.424588,"Jugador: Disparo a Rival 3 en (5, 7) - Tocado"
2025-10-27 19:11:27.226094,"IA 1 (EASY): Disparo a Rival 2 en (8, 7) - Tocado"
2025-10-27 19:11:28.027283,"IA 2 (EASY): Disparo a Rival 3 en (3, 3) - Agua"
2025-10-27 19:11:28.827420,"IA 3 (EASY): Disparo a Rival 2 en (3, 1) - Agua"
2025-10-27 19:11:30.300265,"Jugador: Disparo a Rival 3 en (6, 7) - Tocado"
2025-10-27 19:11:31.102367,"IA 1 (EASY): Disparo a Jugador en (0, 8) - Agua"
2025-10-27 19:11:31.904556,"IA 2 (EASY): Disparo a Rival 3 en (0, 9) - Agua"
2025-10-27 19:11:32.709714,"IA 3 (EASY): Disparo a Rival 2 en (0, 5) - Agua"
2025-10-27 19:11:38.436849,"Jugador: Disparo a Rival 3 en (7, 7) - Tocado"
2025-10-27 19:11:39.236997,"IA 1 (EASY): Disparo a Rival 2 en (2, 3) - Agua"
2025-10-27 19:11:40.040205,"IA 2 (EASY): Disparo a Jugador en (0, 3) - Agua"
2025-10-27 19:11:40.840993,"IA 3 (EASY): Disparo a Jugador en (8, 2) - Agua"
2025-10-27 19:11:41.528626,"Jugador: Disparo a Rival 3 en (8, 7) - Hundido"
2025-10-27 19:11:42.329662,"IA 1 (EASY): Disparo a Jugador en (2, 6) - Agua"
2025-10-27 19:11:43.131209,"IA 2 (EASY): Disparo a Jugador en (6, 2) - Agua"
2025-10-27 19:11:48.411634,"Jugador: Disparo a Rival 3 en (1, 3) - Agua"
2025-10-27 19:11:49.213449,"IA 1 (EASY): Disparo a Jugador en (9, 6) - Tocado"
2025-10-27 19:11:50.013677,"IA 2 (EASY): Disparo a Rival 1 en (3, 9) - Tocado"
2025-10-27 19:11:57.275063,"Jugador: Disparo a Rival 2 en (9, 7) - Agua"
2025-10-27 19:11:58.076659,"IA 1 (EASY): Disparo a Rival 2 en (9, 1) - Agua"
2025-10-27 19:11:58.878126,"IA 2 (EASY): Disparo a Jugador en (2, 7) - Agua"
2025-10-27 19:11:59.546396,"Jugador: Disparo a Rival 2 en (8, 6) - Hundido"
2025-10-27 19:12:00.349513,"IA 1 (EASY): Disparo a Rival 2 en (5, 6) - Agua"
2025-10-27 19:12:01.150731,"IA 2 (EASY): Disparo a Rival 1 en (6, 4) - Agua"
2025-10-27 19:12:13.160415,"Jugador: Disparo a Rival 1 en (4, 9) - Tocado"
2025-10-27 19:12:13.962196,"IA 1 (EASY): Disparo a Jugador en (9, 5) - Hundido"
2025-10-27 19:12:14.764434,"IA 2 (EASY): Disparo a Jugador en (5, 7) - Agua"
2025-10-27 19:12:20.023408,"Jugador: Disparo a Rival 1 en (5, 9) - Agua"
2025-10-27 19:12:20.824666,"IA 1 (EASY): Disparo a Rival 2 en (4, 4) - Tocado"
2025-10-27 19:12:21.626641,"IA 2 (EASY): Disparo a Jugador en (0, 9) - Agua"
2025-10-27 19:12:22.569150,"Jugador: Disparo a Rival 1 en (2, 9) - Hundido"
2025-10-27 19:12:23.370252,"IA 1 (EASY): Disparo a Jugador en (4, 1) - Tocado"
2025-10-27 19:12:24.173328,"IA 2 (EASY): Disparo a Rival 1 en (4, 7) - Agua"
2025-10-27 19:12:31.299948,"Jugador: Disparo a Rival 1 en (3, 0) - Tocado"
2025-10-27 19:12:32.101055,"IA 1 (EASY): Disparo a Jugador en (0, 6) - Agua"
2025-10-27 19:12:32.901621,"IA 2 (EASY): Disparo a Rival 1 en (1, 1) - Agua"
2025-10-27 19:12:34.000959,"Jugador: Disparo a Rival 1 en (4, 0) - Tocado"
2025-10-27 19:12:34.802640,"IA 1 (EASY): Disparo a Jugador en (9, 0) - Agua"
2025-10-27 19:12:35.604669,"IA 2 (EASY): Disparo a Rival 1 en (6, 8) - Agua"
2025-10-27 19:12:36.314930,"Jugador: Disparo a Rival 1 en (5, 0) - Agua"
2025-10-27 19:12:37.116082,"IA 1 (EASY): Disparo a Jugador en (6, 0) - Agua"
2025-10-27 19:12:37.916882,"IA 2 (EASY): Disparo a Rival 1 en (7, 5) - Agua"
2025-10-27 19:12:38.569651,"Jugador: Disparo a Rival 1 en (2, 0) - Hundido"
2025-10-27 19:12:39.370099,"IA 1 (EASY): Disparo a Jugador en (8, 0) - Agua"
2025-10-27 19:12:40.172922,"IA 2 (EASY): Disparo a Jugador en (8, 9) - Agua"
2025-10-27 19:12:41.985544,"Jugador: Disparo a Rival 1 en (0, 4) - Agua"
2025-10-27 19:12:42.787153,"IA 1 (EASY): Disparo a Rival 2 en (1, 7) - Agua"
2025-10-27 19:12:43.589334,"IA 2 (EASY): Disparo a Jugador en (5, 1) - Hundido"
2025-10-27 19:12:47.978909,"Jugador: Disparo a Rival 1 en (0, 7) - Tocado"
2025-10-27 19:12:48.781510,"IA 1 (EASY): Disparo a Jugador en (6, 4) - Agua"
2025-10-27 19:12:49.584195,"IA 2 (EASY): Disparo a Rival 1 en (3, 8) - Agua"
2025-10-27 19:12:50.598994,"Jugador: Disparo a Rival 1 en (0, 6) - Tocado"
2025-10-27 19:12:51.399505,"IA 1 (EASY): Disparo a Jugador en (0, 5) - Agua"
2025-10-27 19:12:52.201487,"IA 2 (EASY): Disparo a Rival 1 en (9, 7) - Agua"
2025-10-27 19:12:52.576461,"Jugador: Disparo a Rival 1 en (0, 5) - Tocado"
2025-10-27 19:12:53.378224,"IA 1 (EASY): Disparo a Jugador en (4, 0) - Agua"
2025-10-27 19:12:54.179554,"IA 2 (EASY): Disparo a Jugador en (0, 4) - Agua"
2025-10-27 19:12:54.632406,"Jugador: Disparo a Rival 1 en (0, 8) - Tocado"
2025-10-27 19:12:55.434210,"IA 1 (EASY): Disparo a Rival 2 en (9, 2) - Agua"
2025-10-27 19:12:56.234316,"IA 2 (EASY): Disparo a Jugador en (5, 6) - Agua"
2025-10-27 19:12:56.668849,"Jugador: Disparo a Rival 1 en (0, 9) - Hundido"
2025-10-27 19:12:57.470020,"IA 2 (EASY): Disparo a Jugador en (3, 8) - Agua"
2025-10-27 19:13:11.083762,"Jugador: Disparo a Rival 2 en (2, 7) - Agua"
2025-10-27 19:13:11.884925,"IA 2 (EASY): Disparo a Jugador en (4, 2) - Agua"
2025-10-27 19:13:19.320562,"Jugador: Disparo a Rival 2 en (4, 3) - Agua"
2025-10-27 19:13:20.122534,"IA 2 (EASY): Disparo a Jugador en (1, 5) - Tocado"
2025-10-27 19:13:20.906129,"Jugador: Disparo a Rival 2 en (4, 5) - Tocado"
2025-10-27 19:13:21.706468,"IA 2 (EASY): Disparo a Jugador en (6, 8) - Agua"
2025-10-27 19:13:22.270168,"Jugador: Disparo a Rival 2 en (4, 6) - Tocado"
2025-10-27 19:13:23.070446,"IA 2 (EASY): Disparo a Jugador en (0, 2) - Agua"
2025-10-27 19:13:23.655045,"Jugador: Disparo a Rival 2 en (4, 7) - Tocado"
2025-10-27 19:13:24.456223,"IA 2 (EASY): Disparo a Jugador en (7, 0) - Agua"
2025-10-27 19:13:24.896682,"Jugador: Disparo a Rival 2 en (4, 8) - Hundido"
2025-10-27 19:13:25.698976,"IA 2 (EASY): Disparo a Jugador en (2, 9) - Agua"
2025-10-27 19:13:26.519082,"Jugador: Disparo a Rival 2 en (1, 9) - Tocado"
2025-10-27 19:13:27.321740,"IA 2 (EASY): Disparo a Jugador en (1, 8) - Tocado"
2025-10-27 19:13:27.732152,"Jugador: Disparo a Rival 2 en (2, 9) - Tocado"
2025-10-27 19:13:28.532208,"IA 2 (EASY): Disparo a Jugador en (7, 7) - Tocado"
2025-10-27 19:13:29.067842,"Jugador: Disparo a Rival 2 en (0, 9) - Hundido"
2025-10-27 19:13:29.068848,"Fin de partida: Ganador: Jugador, Puntuación Jugador: 51, Puntuación IA: 6"
